Title,Authors,Date,Publisher,isbn,Language,Waiting Peoples
CARE OF THE NEW BORN REVISED 8ED (2017),Meharban Singh,2017,CBS Publishers & Distributors Private Limited,9788123925882,english,1
Historia y perspectiva actual de la educación infantil,Carmen . . . [et al. ] Colmenar Orzaes,2010,Grao,9788478279364,italian,1
Collide,Stephanie Shea,2021,Independently Published,9798418447340,italian,1
Wicca Herbal Magic,Monica Candle,2019,empty,9781075766329,English,1
Petit livre de l'empathie,Mariette Strub-Delain,2021,empty,2412066396,English,1
外国文学史,王立新,2013,empty,9787040372038,English,1
A World of Insecurity,Pranab Bardhan,2022,Harvard University Press,9780674259843,English,1
The Fowlers of Sweet Valley,"Kate William, Francine Pascal",1996,Sweet Valley,055357003X,English,1
La familia,Sara Mesa,2022,Editorial Anagrama,8433999540,English,1
Research handbook on international marine environmental law,rosemary rayfuse,2022,empty,9781789909074,English,1
International Environmental Law,"Malgosia Fitzmaurice, Meagan S. Wong, Joseph Crampin",2020,Edward Elgar Publishing,9781785367915,English,1
"All-In-One PMP(R) EXAM PREP Kit,1300 Question, Answers, and Explanations, 240 Plus Flashcards, Templates and Pamphlet Updated for Jan 2021 Exam",Darron Clark,2021,empty,1734133457,English,1
PMP Exam Prep,Rita Goodrich,2020,empty,9798718186345,English,1
"PMP(R) Questions, Answers and Explanations Updated for 2020-2021 Exam",Darron Clark,2021,empty,1734133449,English,1
PMP Exam Prep 2021 & 2022,Matthew Bowling,2022,empty,1516715160,English,1
Cambridge IGCSE(tm) Physics Study and Revision Guide Third Edition,"Catherine Jones Mike Folland, Catherine Jones",2022,Hodder Education,9781398361379,English,1
Beni Sec,"Tess Gerritsen, Gary Braver",2022,empty,9786258344516,English,1
The Breakfast Club Adventures,Marcus Rashford,2021,Macmillan Children's Books,9781529076622,English,1
Cartas desde la oscuridad del armario,Hilario Marín Martínez,1996,empty,9788411115551,English,1
Jessica's Secret Diary,"Kate William, Francine Pascal",2022,Sweet Valley,0553570048,English,1
This is what it sounds like,"Susan Rogers, Ogi Ogas",1994,"Bezige Bij b.v., Uitgeverij De",9789403193519,English,1
A Night to Remember,"Kate William, Francine Pascal",2021,empty,0553407570,English,1
Persian Mythology,Matt Clayton,2014,empty,9781953934239,English,1
Outstanding Formative Assessment: Culture and Practice,Shirley Clarke,1992,empty,1306983541,English,1
Todd's Story,"Kate William, Francine Pascal",1991,Sweet Valley,0553292072,English,2
Olivia's Story,"Kate William, Francine Pascal",1990,Sweet Valley,0553293591,English,2
Lila's Story,"Kate William, Francine Pascal",2008,Bantam Press,0553402099,English,2
¡Saber y hacer!,Kenneth H. Blanchard,2011,empty,9788483581087,English,1
Perceptions of Zoroastrian Realities in the Shahnameh,Kolsoum Ghazanfari,2015,Logos Verlag Berlin,9783832528683,English,1
The Jurisprudence of Lord Hoffmann,"Paul S Davies, Justine Pila",2020,Hart Publishing,9781849465915,English,1
An Introduction to the Shah-Nameh of Firdousi,Jamshedji D. Khandalwala,2022,empty,9783337972738,English,1
Christmas Deal,Misa Miliko,1989,Addictives - Luv,9791025756980,English,1
Lila's Story,"Kate William, Francine Pascal",2022,Sweet Valley,0553282964,English,1
Baldur Von Schirach,Oliver Rathkolb,2022,Frontline Books,9781399020954,English,1
"Spicy, sunny, Christmas",Malo Wolff,2022,BMR,9782017184348,English,1
Ti prenderai cura di me? ,Arianna Bonati,1996,empty,9791281052147,English,1
A Killer on Board,"Kate William, Francine Pascal",1996,empty,0553503774,English,1
A Stranger in the House,"Kate William, Francine Pascal",1987,empty,0553503650,English,1
Loro ,Kay Dick,2021,empty,9788833894089,English,1
Double Jeopardy,"Kate William, Francine Pascal",2022,Sweet Valley,0553269054,English,1
Non è un libro per hacker. Cyber security e digital forensics raccontate dal punto di vista dell'analista,Stefano Fratepietro,2022,empty,8857913015,English,1
Love Story à Georgetown,Cyndie Soue,1998,Éditions Sharon Kena,9782819109549,English,1
"Best Friend, Best Lover",Audrey Laloi,2013,HarperCollins,9782280485319,English,1
Mystery Date,"Kate William, Francine Pascal",2020,empty,9780553506686,English,1
Το ταξίδι στην Ελλάδα,Δημήτρης Νόλλας,2016,empty,9789609527729,English,1
The Knowledge Plexus,George Chorafakis,2022,Vernon Press,162273047X,English,1
Asian Department Stores,Kerrie L. MacPherson,2020,empty,9781138963962,English,1
Research Methods for Digital Discourse Analysis,Camilla Vásquez,2021,empty,9781350166837,English,1
Thermal Properties of Bio-based Polymers,"Maria Laura Di Lorenzo, René Androsch",2016,Springer Nature,9783030399627,English,1
The Famous Quartet of Piraeus,Giorgos Skabardonis,2006,Europe Comics,9791036882159,English,1
Between Two Ancient Cultures,Yusuf Emrah Ilik,2021,empty,9798526697279,chinese,1
The Trump Tapes,Bob Woodward,2022,empty,9781797124728,french,1
Rethinking Utopia and Utopianism,Lyman Tower Sargent,2022,Peter Lang Publishing,9781800794900,french,1
Designed to Perform,Tom Dollard,2021,Riba Publishing,9781914124266,french,1
"Felici si diventa. 22 rituali per superare i blocchi emotivi e ritrovare equilibrio, energia e benessere",Natacha Calestrémé,2017,empty,9788867026739,english,1
The Oxford Handbook of Philosophy of Love: Love and the law,"Christopher Grau, Aaron Smuts",2000,empty,0199395721,french,1
顾太清与海淀,金启孮,2021,empty,7200041017,spanish,1
Stato d'assedio,Duccio Balestracci,2007,empty,8815292101,french,1
The Economy and the Vote,"Wouter van der Brug, Cees van der EijK, Mark Franklin",2018,Cambridge University Press,0521682339,french,1
Life Lessons from Revelation,Max Lucado,2018,Inspirational Bible Study; Lif,9780310086666,English,1
Life Lessons from Philippians,Max Lucado,2008,Life Lessons,9780310086505,English,1
Geography Through Art,"Sharon Jeffus, Jamie Aramini",2014,Geography Matters,1931397589,English,1
Air Is Not Oxygen,"Bill Morelan, Ph.d., Bill Morelan Ph D",2022,CreateSpace,1500389013,English,1
A través de la lluvia (Trilogía Hermanos Hidalgo 3),Ariana Godoy,2022,MONTENA,9788419085856,English,1
5小时吃透小红书,厦九九,2011,empty,9787115595973,English,1
Créer et gérer un bar,Arnaud Ducrocq,2022,empty,9782867394416,English,1
プリマドールビジュアルファンブック,電撃G’sマガジン編集部,2013,empty,4049146355,English,1
Le droit du cheval et de l'équitation,Manuel Carius,2012,empty,9782855572567,English,1
Créer et gérer un centre équestre,Guillaume Duprez,2021,empty,9782867394607,English,1
Transformer son idée en vrai business: Tous les concepts indispensables à connaître. Simplifiés & illustrés.,Jean-Luc Ratiskol,2022,empty,9798785376953,English,1
Just Sayin',Malorie Blackman,2018,Merky Books,1529118670,English,1
Breve viaggio in Brasile,Stefan Zweig,1988,Le occasioni,8836816118,English,1
La Main visible des managers,Alfred Dupont Chandler,2018,empty,9782717816914,English,1
Si tu veux changer ta vie...commmence par faire ton lit,William H McRaven,2020,empty,9782100779611,English,1
Création d'entreprise pour débutant qui veut gagner de l'argent: les thèmes importants vous devez connaître et comprendre avant créer votre entreprise,Philippe Massol,2017,empty,9791091224321,English,1
Les parlers jeunes dans l'Île-de-France multiculturelle,Françoise Gadet,2021,Ophrys Editions,9782708014916,English,1
Idées D'affaires,Investir de Investir de manière intelligente,2022,empty,9798532487628,English,1
Comment lancer son entreprise et faire fructifier son idée sans expérience,Alexis Carlet,2022,empty,9798832726960,English,1
Atlante geopolitico dello spazio post-sovietico. Confini e conflitti,S. A. Bellezza,2018,empty,8828404264,English,1
Liberation Into Orgasm,Sofia Sundari,2021,Sofia Sundari,9781732182400,English,1
"Créer, reprendre, gérer un camping",Victoire Delory,2018,empty,9782867396847,English,1
Africa's Sankofa Innovation,Ndubuisi Ekekwe,2011,empty,9781980419709,English,1
Créer et gérer un centre de bien-être,"Georges Margossian, Siska von Saxenburg",2009,Editions Eyrolles,9782212548679,English,1
The Facial Hair Handbook,Jack Passion,2008,empty,9780615291598,English,1
"Le spa, l'univers du bien-être",Galya Ortega,2006,Ellebore,9782868989017,English,1
Créer et gérer son étang de pêche,Bernard Breton,2014,empty,9782840387176,English,1
"Acheter, créer, gérer son entreprise en Allemagne",Jean-Marc Fournier,2014,Editions Eyrolles,9782212559125,English,1
The Little Book of Beards,Rufus Cavendish,2022,Summersdale,9781849536233,English,1
 All Rocs Wise & Wonderful,T.M. Baumgartner,2017,empty,9781952865206,English,1
Of Beards and Men,Christopher Oldstone-Moore,2006,University of Chicago Press,9780226479200,English,1
Créer et gérer une entreprise audiovisuelle,Pierre Kuperberg,2022,empty,9782844811103,English,1
"Enseignez l’argent à vos enfants: Le guide de l’éducation financière de 3 à 18 ans : argent, épargne et investissement en famille",Rémi de Truchis de Varennes,2022,empty,9789916410332,English,1
Sin etiquetas,Chelo García-Cortés,2013,empty,8401028847,English,1
Construisez et gérez votre patrimoine avec succès - Guide pour s'enrichir lentement...mais sûrement,Julien Delagrandanne,2006,empty,9782954214009,English,1
Der erste Brief des Paulus an die Korinther,Eckhard J. Schnabel,2020,R. Brockhaus Verlag GmbH &,9783417297249,English,1
Location meublée et saisonnière (avec modèles de contrats),Maud Velter,2000,empty,9782840019879,English,1
Le tourisme rural,François Moinet,2016,empty,9782855570563,English,1
Créer et gérer une photothèque,Caroline Lefranc,2021,Klog,9791092272161,English,1
Créer sa marque de vêtement pour 0 euro: De ta chambre à la Fashion Week (French Edition),Jean Caisse,2010,empty,9798730566484,English,1
Os andarilhos do bem,"Carlo Ginzburg, JONATAS BATISTA NETO",2001,empty,9788535917499,English,1
"Vendre Ses Créations en Ligne: Le Guide de l'Artisan pour Vendre sur Etsy, Amazon, Facebook, Instagram, Pinterest, eBay, Shopify, et Plus Encore",James Dillehay,2021,empty,9798521157310,french,2
Australia's Secret Army,Michael Veitch,2023,empty,0733648479,french,2
The Art of Growing a Beard,Marvin Grosswirth,2014,Courier Corporation,9780486783130,french,2
One Thousand Beards,Allan Peterkin,2001,arsenal pulp press,9781551521077,english,1
Communication Assertive,Gérard Blanc,2021,empty,9798731121903,french,1
Comment Fixer les Prix pour de l'Artisanat ou Tout Autre Objet que Vous Fabriquez pour Vendre,James Dillehay,2022,empty,9798430901967,english,1
Lessons in Psychoanalysis,DE MASI,2022,empty,9781912691883,french,1
Ouvrir un gîte ou une chambre d'hôte,Christelle Capo-Chichi,2022,empty,9782759048564,french,1
Lessons in Psychoanalysis,DE MASI,2022,empty,1912691884,chinese,1
Le premier temple,Klaus Schmidt,2015,empty,9782271081605,french,1
SURDÉLIVRER: Créer Une Entreprise pour toute la Vie en Jouant le Jeu Long Terme du Marketing Direct,Brian Kurtz,2021,empty,9798706809423,chinese,1
"Créer, organiser, gérer un groupe de PME",Yves de La Villeguérin,2020,empty,9782757907733,dutch,1
La méthode française,"Antoine Martinez, Laurent Mareschal, Sébastien Offner",2020,empty,9791091285605,japanese,1
Fundamental Analysis for Beginners: Grow Your Investment Portfolio Like A Pro Using Financial Statements and Ratios of Any Business with Zero Investing Experience Required,A.Z Penn,2022,empty,1397988460031,hungarian,1
"COMMENT CRÉER UNE PETITE ENTREPRISE POUR LES DÉBUTANTS 2021: UN GUIDE SIMPLE ET FACILE POUR SE LANCER, SUIVRE LES ACHATS DE VOS CLIENTS, ET BIEN PLUS ENCORE",Anthony Hunk,2022,empty,9798432013545,italian,1
Investing for Teens: 7 Step System of Beginner’s Stock Market Secrets for Teenagers to Achieve Financial Freedom by Age 21,J.P. Clarke,2022,empty,9798529455791,chinese,2
Géopolitique,Tim Marshall,2021,empty,9782092492383,french,2
100% Rye,Shannon Stonger,2015,CreateSpace,9781507771617,chinese,2
Petite histoire de France de Vercingétorix à nos jours,Jacques Bainville,2021,empty,9782915656244,English,1
Histoire de France,Jacques Bainville,2021,empty,9798539770815,English,1
艺术与启蒙,范昀,2013,empty,9787308122207,English,1
Ce qu'était un roi de France,Frantz Funck-Brentano,2020,Bibliotheque Nationale de France,9782367220307,English,1
Philosophie de la royauté,Yves-Marie Adeline,2015,empty,9782372710046,English,1
追寻真诚,范昀,2013,empty,9787208115255,English,1
The Many Meanings of Play,"Albert J. Solnit, Donald J. Cohen, Peter B. Neubauer",1993,empty,0300054386,English,1
An Introduction to Agile Data Engineering Using Data Vault 2. 0,Kent Graziano,2015,empty,1796584932,English,1
Louis XX,Daniel de Montplaisir,2018,empty,9782372540759,English,1
情感与正义：玛莎·努斯鲍姆的审美伦理世界 ,范昀,2022,empty,9787308228947,English,1
La révolution chrétienne,"Michel Viot, Guillaume de Tanoüarn",2012,empty,9782915988581,English,1
L'heure du royaume de France est-elle venue ?,Michel Viot,2018,empty,9782372710978,English,1
"Mort, Tome 0 : Le premier qui meurt à la fin",Adam Silvera,2022,empty,9782221265581,English,1
批判的限度 ,范昀,2022,empty,9787308228299,English,1
新日本语能力考试N5语法练习篇,"刘文照, 海老原博",2010,empty,9787562825227,English,1
Patchers of the Code,Cb Archer,2017,CB Archer,0994773722,English,1
Fighters of the Code,Cb Archer,2016,CB Archer,0994773714,English,1
De patroondenkers,Simon Baron Cohen,2022,empty,9789057125669,English,1
日本語能力試験完全模試 N5,"渡邉亜子, 青木幸子, 高橋尚子, 藤田朋世, 黒江理恵",2013,empty,4863921411,English,1
瞬撮アクションポーズ,Rio Sasaki,2017,empty,9784768309216,English,1
The Hiker,M. J. Ford,2021,Avon Books,9780008453350,English,1
Street ​Kitchen – A Nagy Sütiskönyv,Szilágyi Nóra,2019,empty,9786150060248,English,1
The First Advent in Palestine,Kelley Nikondeha,2022,Augsburg Fortress Publishers,9781506474793,English,1
L'anno in cui tutto è cambiato,LAURA MACALUSO,2021,empty,9798785411128,English,1
Photoshop CC wang zhan UI she ji quan cheng jie mi,赵中华,2019,empty,9787302526865,English,1
RTI,Kama Einhorn,2011,Scholastic Teaching Resources,9780545236966,English,1
9787302612285-Photoshop平面设计从新手到高手（第2版)(微课视频版）（从新手到高手）,姜旬恂，毛彤，王卓,2022,empty,9787302612285,English,1
Comment analyser les personnes,Robert Mercier,2020,empty,9798577362270,English,1
"How to Prevent Reading Difficulties, Grades PreK-3",Mark Weakland,2021,Corwin Press,9781071844052,English,1
回到未来的中国美学,高建平,2019,empty,7546166810,English,1
回到未来的中国美学,高建平,2019,empty,9787546166810,English,1
人人都爱PS——中文版Photoshop 2022技术教程（实例版 第2版）,人人都爱PS——中文版Photoshop 2022技术教程（实例版 第2版）,2022,empty,9787522607122,English,1
Pour en finir avec la colonisation,Bernard Lugan,2006,Editions du Rocher,9782268060200,french,1
Emergency General Surgery in Geriatrics,"Rifat Latifi, Fausto Catena, Federico Coccolini",2021,Springer Nature,9783030622152,chinese,1
Extra Practice for Struggling Readers: High-Frequency Words,Linda Ward Beech,2010,Teaching Resources,9780545124102,italian,1
Psychologie Humaine,Robert Mercier,2021,empty,9798597569840,italian,1
Week-by-week Phonics and Word Study,Wiley Blevins,2011,Scholastic Teaching Resources,9780439465892,dutch,1
Domination Mentale,Robert Mercier,2022,empty,9798403699730,chinese,1
Extra Practice for Struggling Readers: Phonics,Linda Ward Beech,2010,Teaching Resources,9780545124096,spanish,1
Photoshop 2022从入门到精通（微视频版）,徐珊珊，曹凯，宋扬,2022,empty,9787302614012,japanese,1
Orton Gillingham Decodable Readers,Rebecca T. Wilkerson,2022,empty,9798470794826,english,1
Proficiency in Reading Comprehension Simplifying the 'Passage' for you,Ajay Singh,2018,Arihant Publications India limited,9312145746,english,1
A Consumer's Guide to Understanding Qeeg Brain Mapping and Neurofeedback Training,Robert E. Longo,2018,empty,9781532047312,italian,1
L'Incroyable Pouvoir de l'amour,Stéphanie Brillant,2022,empty,2330160291,English,1
雨傘默默,Romain Gary,2013,empty,9789865896294,English,1
Le scienze della terra,Alfonso Bosellini,2021,empty,9788808503251,English,1
"The American Psychiatric Association Publishing Textbook of Personality Disorders, Third Edition","Andrew E. Skodol, M.D., John M. Oldham, M.D., M.S.",2018,American Psychiatric Pub,161537339X,English,1
Sebastian Smee on the Inner Life in the Digital Age,Sebastian Smee,2022,Black Incorporated,9781760640712,English,1
Storie di streghe ,AA.VV.,2020,empty,9798354632169,English,1
IMAGINED SPACES,KIRSTY GUNN,2017,empty,9780995512344,English,1
What They Didn't Teach You in Art School,"Rosalind Davis, Annabel Tilley",2021,Ilex Press,9781781572962,English,1
Mensenkennis voor beginners,Timon krause,2016,empty,9789401477277,English,1
人工智能,姚期智,2020,empty,9787302612797,English,1
Most People Are Stupid.,Tyson Prenter,2012,empty,1535156724,English,1
Animal Languages,Eva Meijer,2020,National Geographic Books,9780262044035,English,1
Agrometeorology in Extreme Events and Natural Disasters,H.P. Das,2014,CRC Press,9780415621120,English,1
如何从0到1,周频,2007,empty,9787302538929,English,1
萨米人萨满文化变迁研究,吴凤玲,2022,empty,750975755X,English,1
Ucrania: la primera batalla de la Tercera Guerra Mundial,zele,2005,empty,8423434192,English,1
The Theology of the Cross in Historical Perspective,Anna M. Madsen,1995,Wipf and Stock Publishers,9781597528351,English,1
The Modern Hippie Table: Recipes and Menus for Eating Simply and Living Beautifully,LAUREN. THOMAS,2003,empty,9781685550066,English,1
The Beauty of Old Korean Paintings,"Dongju Lee, Yong-hŭi Yi",2014,Saffron Books,1872843896,English,1
Introducción a los mercados de futuros y opciones,John Hull,2019,empty,9788448101008,English,1
尚未结束的历史,"戈尔巴乔夫, 斯拉文, Горбачева, Славиным, 桂兰·李",2016,empty,7801096222,English,1
高野人母美アクションポーズ,Tomomi Takan,2012,empty,9784766127133,English,1
The Unfinished Business,Yeo Bee Yin,2007,empty,9789675942259,English,1
ADS信号完整性仿真与实战,蒋修国,2007,empty,9787302528579,English,1
Nursing Lab Values,"BarCharts, Inc.",2021,empty,9781423233206,English,1
瞬間連写アクションポーズ 03 ヒロインアクション篇,ユーデンフレームワークス,2022,empty,4766123492,English,1
Continuous Symmetry,"William H. Barker, Roger Howe",2022,American Mathematical Soc.,0821839004,English,1
传热学,森吉尔,2022,empty,9787040206074,English,1
Maths for Chemistry,"Paul Monk, Lindsey J. Munro",2019,Oxford University Press,0198717326,English,1
Effective Public Relations and Media Strategy,Reddi C.V. Narasimha,2020,empty,8120336461,English,1
La casa sospesa sul nulla ,Alberica Sveva Simeone; Alessandro Girola,2020,empty,9798359605236,English,1
Novelist As a Vocation,Haruki Murakami,2021,Harvill Secker,1911215388,English,1
折り紙王子の凄ワザ!折り紙ジャポニスム,有澤悠河,2021,empty,9784309292298,English,1
数字图像处理,蔡利梅,2003,empty,9787302518228,English,1
The Heroine's Journey Workbook,Maureen Murdock,2018,Shambhala Publications,9781611808315,English,1
The Heroine's Journey,Maureen Murdock,2021,Shambhala Publications,9781611808308,English,1
"KS3 Spelling, Punctuation and Grammar All-in-One Complete Revision and Practice",Collins KS3,2021,Collins KS3 Revision,0008470510,English,1
Disintermediation Economics,"Eva Kaili, Dimitrios Psarrakis",2021,Palgrave Macmillan,3030657809,English,1
Meditation Without Gurus,Clark Strand,2001,Skylight Paths Publishing,9781683361923,English,1
"International Economics: Theory and Policy, Global Edition","PAUL. OBSTFELD KRUGMAN (MAURICE. MELITZ, MARC.), Maurice Obstfeld, Marc Melitz",2021,empty,1292409711,dutch,1
The Emotion Thesaurus,"Angela Ackerman, Becca Puglisi",2019,empty,0999296345,english,1
"Man, Play, and Games",Roger Caillois,2001,University of Illinois Press,9780252070334,english,1
Spelling Words for Year 5,Stp Books,2020,Stp Books,1912956187,english,1
Inclusive Teaching: Strategies for Promoting Equity in the College Classroom ,Kelly A. Hogan and Viji Sathy,2022,empty,9781952271649,english,1
Walter Benjamin,Momme Brodersen,1998,Verso Books,9781859840825,english,1
Playa Blanca,Linda van Rijn,2022,empty,9789460686139,chinese,1
破惘,李天命,2009,empty,9789888026197,English,1
Messy Beautiful Friendship,Christine Hoover,2017,Baker Books,0801019370,English,1
Merchant Cultures,Catia Antunes,2022,BRILL,9789004506572,English,1
A Crown of Ivy and Glass,Claire Legrand,2023,Sourcebooks Casablanca,172823199X,English,1
World war II- day by day,Jaideep gupte,2022,empty,1685389090,English,1
That Summer in Berlin,Lecia Cornwall,2013,National Geographic Books,0593197941,English,1
聲的資本主義,吉見俊哉,2021,empty,9789866525698,English,1
A Distant Voice,"Neil Richards, Matthew Costello",2021,Red Dog Press,9781913331184,English,1
The Wrong Man,"Neil Richards, Matthew Costello",2002,Red Dog Press,9781913331955,English,1
临危受命,普里马科夫,2022,empty,9787506015967,English,1
Mydworth Mysteries - Danger in the Air (A Cosy Historical Mystery Series Book 6),Matthew Costello and Neil Richards,2007,empty,0837989990,English,1
Fais-moi une place,Emma Green,2007,Editions addictives,9791025757123,English,1
周杰伦成长密码,周杰伦,2020,empty,750067225X,English,1
周杰伦成长密码,周杰伦,2022,empty,9787500672258,English,1
Murder Wore A Mask,"Neil Richards, Matthew Costello",2019,Red Dog Press,9781913331139,English,1
Solenoid,Mircea Cartarescu,2007,empty,9781646052028,English,1
London Calling!,"Neil Richards, Matthew Costello",2022,Mydworth Mysteries,1913331121,English,1
The Doctor's Wife,John Glatt,2021,Macmillan,0312934289,English,1
"Early Modern Europe, 1450–1789",Merry E. Wiesner-Hanks,2022,Cambridge University Press,9781009184649,English,1
"The Land We Saw, the Times We Knew",Gerald Groemer,2019,empty,9780824892500,English,1
The Cambridge Illustrated History of China,Patricia Buckley Ebrey,2003,Cambridge University Press,9781009175586,English,1
The Woman Outside the Walls: A completely gripping WW2 historical novel about a heartbreaking secret ,Suzanne Goldring (,2021,empty,1803143967,English,1
A Little Night Murder,"Neil Richards, Matthew Costello",2021,empty,1913331113,English,1
We'll Meet Again (Anton Rider) ,Bartle Bull,2021,empty,1645407853,English,1
"Raffles, the Amateur Cracksman",Ernest William Hornung,2019,Penguin,0141439335,English,1
그로킹 심층 강화학습,미겔모랄레스,2021,empty,9791162244838,English,1
The End of All Things,Allan Batchelder,2022,empty,1952979595,English,1
수학으로 풀어보는 강화학습 원리와 알고리즘(위키북스 데이터 사이언스 시리즈 73),박성수,1990,empty,9791158392734,English,1
"Come, Seeling Night",Daniel Humphreys,1998,Paxton Locke,1949891372,English,1
선형대수와 통계학으로 배우는 머신러닝 with 파이썬,장철원,1998,empty,9791165920395,English,1
Arisen,Michael Stephen Fuchs,2007,Independently Published,9798837991578,English,1
"Pastry hors d'oeuvres, mini-sandwiches, canapés, assorted snacks, hot hors d'oeuvres, cold brochettes, centerpieces for buffets",Denis Ruffel,1989,Van Nostrand Reinhold Company,0442001398,English,1
Professional French Pastry Series,"Roland Bilheux, Alain Escoffier, Pierre Michalet",1989,Van Nostrand Reinhold,0442205694,English,1
"Doughs, Batters, and Meringues","Roland Bilheux, Alain Escoffier",1998,Wiley,0470244089,English,1
An Introductory Dictionary of Theology and Religious Studies,"Orlando O. Espín, James B. Nickoloff",2015,Liturgical Press,0814658563,English,1
The Professional French Pastry Series,"Roland Bilheux, Alain Escoffier",2022,Van Nostrand Reinhold Company,9780442205683,English,1
Special and Decorative Breads,Roland Bilheux,2018,Van Nostrand Reinhold,0442319541,English,1
"Creams, Confections, and Finished Desserts","Roland Bilheux, Alain Escoffier",2022,Wiley,0470244097,English,1
Social Infrastructure,"Douglas Durst, Bjarke Ingels",2017,Actar,1940291259,English,1
The Indo-Pacific Theatre,Srabani Roy Choudhury,2011,Routledge India,9781003342311,English,1
Made in Japan,Victionary,2000,Viction:ary,9789887774730,English,1
中文版PremierePro2022从入门到精通 微课视频全彩版,唯美世界，曹茂鹏,2019,empty,9787522608259,English,1
Psicogrammatica. Dattiloscritto inedito,Maria Montessori,2003,empty,8891741086,English,1
毫无PS痕迹：你的第一本Photoshop书（第二版）,赵鹏,2022,empty,9787517093176,chinese,1
中文版Photoshop 2022从入门到精通（微课视频全彩版）,唯美世界，瞿颖健,2022,empty,9787522605050,chinese,1
Illustrator 2022从入门到精通,敬伟,2022,empty,9787302605904,chinese,1
파워포인트 디자인 패턴 무작정 따라하기(CD1장포함)(무작정 따라하기 198),이승일,2009,empty,9788975608490,chinese,1
叠变：鸦片、枪炮与文明进程中的中国（1840-1915）,马勇,2022,empty,9787520211918,korean,1
모던 C++ 디자인 패턴,드미트리 네스터룩,2019,empty,9791160507676,chinese,1
Adobe Illustrator CC 2018 zhong wen ban jing dian jiao cheng,伍德,2020,empty,9787115527042,chinese,1
New Asian Disorder,Lowell Dittmer,2022,empty,9789888754618,english,1
The Rise of the Infrastructure State,"Seth Schindler, Jessica DiCarlo",2022,Policy Press,9781529220803,chinese,1
하루 15분 책읽어주기의 힘(아이의 두뇌를 깨우는),짐트렐리즈,2012,empty,9788989847571,english,1
书写者、武士和国王：科潘城邦和古代玛雅,威廉·L.费什,2022,empty,9787308227735,English,1
Kerberos域网络安全从入门到精通,杨湘和,2022,empty,9787301326992,English,1
惊蛰,杜阳林,2021,empty,9787533965099,English,1
Fashion Conscious,Sarah Klymkiw,2020,Red Shed,1405295651,English,1
魔法四万年：巫术、占星与炼金术的全球史,[英] 克里斯·戈斯登,2022,empty,9787513937931,English,1
Options Trading for Beginners: Thanks to this Step by Step Guide You Will Learn from Top Traders How to Build Your Financial Freedom with Derivatives and Swing Trading,Matthew Ray Russell,2022,empty,9798357146014,English,1
Bringing Zero-Knowledge Proofs of Knowledge to Practice,Stephan Krenn,2012,empty,9783832532178,English,1
Death at the Falls,Rosemary Simpson,2022,National Geographic Books,9781496733368,English,1
"Switching Power Supply Design and Optimization, Second Edition",Sanjaya Maniktala,2014,McGraw-Hill Education,9780071798143,English,1
從竹子到竹房子,社團法人臺灣竹會,2020,empty,9789869957304,English,1
仿生高科技,瑪特．富尼耶,2018,楓樹林,9789869669481,English,1
Legally Dead,"Kevin Flynn, Rebecca Lavoie",2011,Berkley,0425243664,English,1
Facing Death,Averil Stedeford,1984,Butterworth-Heinemann,9780433315506,English,1
We Keep the Dead Close,Becky Cooper,2021,empty,9781538746851,English,1
Behind Dark Clouds,Chinelo Mgbeadichie,2015,Partridge Africa,9781482807912,English,1
My Story,Julia Gillard,2019,Random House Australia,9781760893330,English,1
Through the Wall,Anna Bligh,2015,empty,9780732299538,English,1
神州——历史眼光下的中国地理,"（美）段义孚（Yi-Fu Tuan）著, 赵世玲译",2019,BEIJING BOOK CO. INC.,9787301293386,English,1
Dear Dolly,Dolly Alderton,2022,Random House,9780241623657,English,1
国际税收实务与协定适用指南,雷霆 (会计),2018,empty,9787519721466,English,1
The Heir's Descent,Rachel Hetrick,2021,empty,9781953139061,English,1
Le pouvoir sur scènes,Georges Balandier,2006,empty,2213627185,English,1
The Dance of Dawn and Dusk,Brady Wilkinson,2021,empty,9798510961560,English,1
天然植物原料护肤功效汇编,王昌涛，安全编,2021,empty,9787547319086,English,1
Snowbound,Carolyn Keene,1998,Simon Pulse,9780671007799,English,1
In the Spotlight,Carolyn Keene,1997,Simon Pulse,9780671002169,English,1
Flora of the Silk Road,"Basak Gardner, Christopher Gardner",2014,I.B. Tauris,1780769415,English,1
A Passion for Plants,Shirley Sherwood,2001,Weidenfeld & Nicolson,0304358282,English,1
Love and Betrayal,Carolyn Keene,1997,Simon Pulse,9780671002138,English,1
Love On-Line,Carolyn Keene,1997,Simon Pulse,9780671002114,English,1
Keeping Secrets,Carolyn Keene,1997,Simon Pulse,9780671568078,English,1
Going Home,Carolyn Keene,1996,Simon Pulse,9780671568054,English,1
Loving and Losing,Carolyn Keene,1996,Simon Pulse,9780671568047,English,1
Hard to Get,Carolyn Keene,1996,Simon Pulse,9780671568030,English,1
The Silver Crystal,Ryan Lanz,2021,Applebury Press,9781645120377,English,1
Just the Two of Us,Carolyn Keene,1996,Simon Pulse,9780671527648,English,1
In the Name of Love,Carolyn Keene,1996,Simon Pulse,9780671527594,English,1
How to Yolo Wisely ,Nikki Jurado,1996,empty,9786219640602,English,1
Broken Promises,Carolyn Keene,1996,Simon Pulse,9780671527570,English,1
Getting Closer,Carolyn Keene,2001,Simon Pulse,9780671527549,English,1
False Friends,Carolyn Keene,1996,Simon Pulse,9780671527518,english,1
It's Your Move,Carolyn Keene,1996,Simon Pulse,9780671527488,chinese,1
Secret Rules,Carolyn Keene,1996,Simon Pulse,9780671527464,English,1
Secret Chords,"Martin Connolly, Piers Plowright, Sean Street, Jehane Markham",2021,empty,9798701734911,English,1
Creative Anarchy,Denise Bosler,2015,HOW Books,9781440333323,English,1
MARKET AND VIOLENCE,HEIDE. GERSTENBERGER,2022,empty,9789004522121,English,1
Don't Look Back,Carolyn Keene,1995,Simon Pulse,9780671527440,English,1
배터리,Robert A. Huggins,2011,empty,9788972839873,English,1
Mr. Breakfast,Jonathan Carroll,2023,National Geographic Books,1612199925,English,1
"Convivencia ciudadana, seguridad pública y urbanismo","Íñigo Ortiz de Urbina Gimeno, Juli Ponce Solé",2008,empty,9788461231317,English,1
Teaching Psalms Vol. 2,Christopher Ash,2018,Christian Focus,9781527100053,English,1
Teaching Psalms Vol. 1,Christopher Ash,2017,Christian Focus,9781527100046,English,1
"Read, Write, Think Data",Ben Jones,2021,empty,1733263462,English,1
Preaching Christ from Psalms,Greidanus,2016,Wm. B. Eerdmans Publishing,9780802873668,English,1
Comprensione e produzione verbale 2,Ilaria Pagni,2014,Edizioni Erickson,9788859004783,English,1
蝼蚁之城,马传思,2021,empty,9787570709403,English,1
Nuova guida alla comprensione del testo 1,"Chiara Meneghetti, Rosanna De Beni, Cesare Cornoldi, Barbara Carretti",2020,Edizioni Centro Studi Erickson,9788859024996,English,1
The Game,Micah Richards,2023,HarperCollins,9780008552886,English,1
马克思主义之证伪（真相真理双真集-下册）,"&&& 33879;, 徐泽荣著",2022,Blurb,9798210594037,English,1
The Guide Book To Vertical Tower Gardening,Brad Thomas,2021,empty,9798517546173,English,1
"Hydroponics and Greenhouse Gardening: 3-In-1 Gardening Book to Grow Vegetables, Herbs, and Fruit All-Year-Round",Richard Bray,2019,empty,170811968X,English,1
苏联奥援中共档案 （真相真理双真集 ·上册),徐泽荣  （Dr. C.W. David Tsui）著,2022,Bouden House,9798210457387,English,1
Uphill,Jemele Hill,2022,Henry Holt,9781250624376,English,1
Life After Google,George Gilder,2022,Regnery Gateway,9781684512935,English,1
"Space Encyclopedia, 2nd Edition","David A. Aguilar, Patricia Daniels",2020,National Geographic Children's Books,9781426338571,English,1
Evaluación educativa,Ana María Córdova,2013,Eae Editorial Academia Espanola,9783659070570,English,1
Aeroponics Tomatoes,Martin Davis,2020,empty,9798626418316,English,1
Weird Tennessee,"Roger Manley, Mark Sceurman, Mark Moran",2011,Sterling Publishing Company Incorporated,9781402754654,English,1
Climb Injury-Free,Jared Vagy,2017,empty,0692831894,English,1
"New Lives, New Loves",Carolyn Keene,1995,Simon Pulse,9780671527372,English,1
以色列,克察夫,2006,empty,9787508430966,English,1
Warwick University Ltd,E.P Thompson,2014,empty,9780851248295,English,1
La Evaluación del aprendizaje en el aula,Miguel López Mojarro,2001,empty,9788426342041,English,1
Sanar el corazón,Ketan Raventós Klein,2021,empty,9788484459095,English,1
Stand Alone,Sabrina Lloyd,2022,Savio Republic,1637582951,English,1
Heir of Uncertain Magic ,Charlie N. Holmberg,2017,empty,9781978699441,English,1
Climb Injury-Free,Jared Vagy,2018,empty,9780692831892,English,1
A Fast Ride Out of Here,Pete Way,2016,Constable,1472124316,English,1
Rhythmic Gymnastics,"Nadejda Jastrjembskaia, Yuri Titov",2022,Echo Point Books & Media,9781626544789,English,1
The Founding of Modern States,Richard Franklin Bensel,2017,Cambridge University Press,9781009247207,English,1
国际权威学术期刊主编指导,上出洋介,2021,empty,9787030502360,English,1
Aeroponics Gardening System,Eric Goldinger,2019,empty,9798596421385,English,1
Hydroponics Tomatoes,Emily Green Rnd,1997,empty,1651812578,English,1
Crime at the Chat Cafe,Carolyn Keene,2022,Simon Pulse,9780671007492,English,1
親愛的安德烈,龍應台，安德烈,1997,empty,9786263353893,English,1
Wicked for the Weekend,Carolyn Keene,1997,Simon Pulse,9780671007485,English,1
Strange Memories,Carolyn Keene,1997,Pocket Books,9780671568801,English,1
Natural Enemies,Carolyn Keene,2022,Simon Pulse,9780671568795,English,1
Forever: A Letter to Meijun (New and Revised Version),Ying Tai Lomg,1997,empty,9786263351547,English,1
Dangerous Loves,Carolyn Keene,2021,Simon Pulse,9780671568788,English,1
Take Your Time Child,Long Ying Tai,2022,empty,9786263354043,english,1
A Canticle of Two Souls,Steven Raaymakers,2018,Aria of Steel,9781976829048,chinese,1
Watching (New Collection Collector's Edition),Long Ying Tai,2022,empty,9786263354050,english,1
Against the Rules,Carolyn Keene,1997,Simon and Schuster,9780671568771,chinese,1
Fitness Report Writing Guide for Marines,Douglas L. Drewry,1989,empty,0962367397,english,1
The Singapore Convention on Mediation,"Nadja Alexander, Shouyu Chong, Vakhtang Giorgadze",2022,empty,9789403528250,english,1
Learning Sales Law,"Carol Chomsky, Christina Kunz, Jennifer Martin, Elizabeth Schiltz",2022,West Academic Publishing,9781684677009,English,1
The Unpleasant Book of Penn and Teller,"Penn, Teller",1994,empty,185793413X,English,1
Penn & Teller's Cruel Tricks for Dear Friends,"Penn Jillette, Teller",1989,empty,0394753518,English,1
Assist Me,D. C. Kile,2021,empty,9798536920244,English,1
"Friends, Lovers and the Big Terrible Thing",Matthew Perry,2022,empty,1472295943,English,1
Readings in Translation Theory,Andrew Chesterman,1989,empty,9789518905168,English,1
My Russian Salvation: Age Gap Second Chance Romance,Sonja Grey,2022,empty,9798354707874,English,1
Tarot for the Fiction Writer,Paula Scardamalia,2019,Red Feather,0764357239,English,1
The Oil Painter's Color Handbook,Todd M. Casey,2022,"The Monacelli Press, LLC",9781580935883,English,1
跨越“归零地”：21世纪美国小说研究,但汉松,2022,empty,9787301332672,English,1
It's All in the Family,Margaret Millar,2017,Soho Press,9781681990231,English,1
Apnoe,"Nik Linder, Phil Simha",2016,empty,9783667106643,English,1
The Invisible Worm,Margaret Millar,2017,Soho Press,9781681990002,English,1
The Iron Gates,Margaret Millar,1987,International Polygonics Limited,9780930330675,English,1
Forget Me Not ,Miranda Rijks,1989,empty,9781837560332,English,1
Wall of Eyes,Margaret Millar,2017,Penguin Books Limited,9780140113310,English,1
The Couple Next Door: Collected Short Mysteries,Margaret Millar,1984,Soho Press,9781681990217,English,1
Banshee,Margaret Millar,2022,International Polygonics Limited,9780930330149,English,1
Die Dunkeldorn-Chroniken - Blüten aus Nacht,Katharina Seck,1998,empty,9783734163241,English,1
蕨蕨路/哈尼族当代文学丛书,诺晗,1991,empty,9787536716957,English,1
The Happiest Man Alive,Mary V. Dearborn,2022,empty,0671677047,English,1
圖解資料結構 × 演算法：運用Python,胡昭民,2017,博碩文化,9786263331839,English,1
Xing Ji Te Gong,"Pierre Christin, Evelyne Tranle, Yu Qiu",2022,empty,9787550293397,English,1
"Path To Transformational Space Exploration, The (In 2 Volumes)",Philip Lubin,2014,World Scientific,9789811248283,English,1
Working with the Grain,Brian Levy,2021,"Oxford University Press, USA",9780199363810,English,2
Advanced Optimization for Process Systems Engineering,Ignacio Grossmann,1973,empty,9781108917834,English,2
Mathematische Existenz,Oskar Becker,2017,empty,9783484701137,English,2
IDEAL STUDENT.,SHAYKH MUFTI. SAIFUL ISLAM,2022,empty,9781909114289,English,1
Kitty Quest: Tentacle Trouble,Phil Corbett,2021,National Geographic Books,9780593205471,English,1
Kitty Quest,Phil Corbett,2022,National Geographic Books,9780593205440,English,1
Dolphin Girl 2: Eye of the Baloney Storm,Zach Smith,2020,Holiday House,9781645950974,English,1
Dolphin Girl 1: Trouble in Pizza Paradise!,Zach Smith,2008,National Geographic Books,9781645950172,English,1
Space Raoul,Jamie Smart,2019,Slave Labor Graphics,9781593621360,English,1
The Wizerd Vol. 1,"Michael Sweater, Rachel Dukes",2021,Lion Forge,9781549303258,English,1
Going for Broke,Michael Ashcroft,2020,empty,1785906372,English,1
Making Civilizations,"Hans-Joachim Gehrke, Akira Iriye, Mark Edward Lewis, Jürgen Osterhammel",2018,Belknap Press,0674047176,English,1
An Emerging Modern World,"Sebastian Conrad, Akira Iriye",2015,Belknap Press,0674047206,English,1
Empires and Encounters,Wolfgang Reinhard,2018,Belknap Press,0674047192,English,1
The Rise of Skunky,Jamie Smart,2017,empty,9781788450553,English,1
Bunny Vs Monkey,Jamie Smart,2009,empty,9781910989791,English,1
Ubu Bubu Volume 1,Jamie Smart,2021,Slave Labor Graphics,9781593621988,English,1
Flember: The Glowing Skull,Jamie Smart,2015,David Fickling Books,9781788451512,English,1
Superhero Bunny League in Space!,Jamie Smart,2019,empty,9780190316211,English,1
"Superhero Bunny League, Stage 5",Jamie Smart,2015,"Oxford University Press, USA",9780192769756,English,1
解密GRE综合备考,程黛苑,2020,empty,9787111668053,english,1
DFC Library: Fish-Head Steve,Jamie Smart,2013,David Fickling Books,1849921733,english,1
The Adventure Zone: The Crystal Kingdom,"Clint McElroy, Carey Pietsch, Griffin McElroy, Travis McElroy, Justin McElroy",2021,First Second,9781250232663,spanish,1
打胜仗,田涛,2021,empty,9787111685609,english,1
解密GRE写作论证思维,万炜,2019,empty,9787111634041,italian,1
Vente,"Fernando Marìn, Reyes Morales",2014,empty,9788477117964,spanish,1
The Reaper's Call,R. L. Perez,2021,empty,1955035091,English,1
Snape,Lorrie Kim,2022,Unofficial Harry Potter Character Series,9781956403077,English,1
Wiley's Level I CFA Program 11th Hour Final Review Study Guide 2022,Wiley,2021,John Wiley & Sons,1119710405,English,1
就因為「沒時間」，才什麼都能辦到,吉田穗波,2014,如何,9789861363851,English,1
2022 CFA Level 1,25th Hour Prep,2022,Independently Published,9798802281642,English,1
CFA Level 1 Calculation Workbook,Coventry House Publishing,2022,empty,1957426004,English,1
Wiley's Level I CFA Program Study Guide 2022,Wiley,2021,Wiley,1119714222,English,1
Greywaren (the Dreamer Trilogy #3),Maggie Stiefvater,2022,Scholastic Press,9781338188394,English,1
Gold in Locks,Alta Hensley,2018,empty,9781953504425,English,1
Films from the Future,Andrew Maynard,2016,Mango,1633539075,English,1
The Film Buff's Bucket List,Chris Stuckmann,2021,Key Lime Press,1633530957,English,1
The Path and the Way (The Ringlander #1),Michael S. Jackson,1983,empty,9798743109661,English,1
The Witness of Poetry,Czesław Miłosz,2009,Harvard University Press,9780674953833,English,1
Un reino de promesas malditas ,Lexi ryan,2012,empty,9789564082141,English,1
Writing the Divine,Sara Wiseman,1977,Createspace Independent Publishing Platform,153932785X,English,1
The Intuitive Path,Sara Wiseman,2020,Createspace Independent Publishing Platform,1977500749,English,1
Diccionario de psicología,Alberto L. Merani,2004,empty,9788425307362,English,1
Little in The Woods (Love in The Woods Book 1),Ruby Keller,2020,empty,9798665798783,English,1
Book of Seidr,Runic John,2021,Holmes Publishing Group Llc,1861632290,English,1
Imparare ad imparare,Alessandro zocchi,2021,empty,9798607197889,English,1
"Adelgazar para siempre 500 recetas saludables de 6 dietas diferentes para perder peso, incluidos los valores nutricionales y el plan de dieta, bono: ... pérdida de peso de 30 días (Spanish Edition)",Chef de recetas,2022,empty,9798597382128,English,1
Funghi fantastici,"P. Stamets, M. Pollan",2022,empty,8893711184,English,1
En Casa Con Joséra,Joséra Castillo,1987,Planeta Publishing,9786070781414,English,1
Introduction to Embedded Systems,Charlie Thomas,2000,empty,9781639893041,English,1
Wolves of the Dawn,William Sarabande,1998,National Geographic Books,0553258028,English,1
Spirit Moon,William Sarabande,1996,National Geographic Books,0553579096,English,1
Time Beyond Beginning,William Sarabande,1995,Bantam,9780553579062,English,1
Face of the Rising Sun,William Sarabande,1993,National Geographic Books,0553560301,English,1
Shadow of the Watching Star,William Sarabande,2022,National Geographic Books,0553560298,English,1
The Edge of the World,William Sarabande,1992,Bantam,055356028X,English,1
The White Wolf,Michael Moorcock,1991,Simon and Schuster,9781534445741,English,1
Thunder in the Sky,William Sarabande,2022,Bantam,0553291068,English,1
The Sacred Stones,William Sarabande,2014,Bantam,055329105X,English,1
The Turn of Moore’s Law from Space to Time,Liming Xiu,2018,Springer,9811690642,English,1
Systèmes temps réel embarqués,"Francis Cottet, Emmanuel Grolleau, Sébastien Gérard",2021,empty,9782100713318,English,1
Introduction aux systèmes embarqués temps réel,"Emmanuel Grolleau, Jérôme Hugues, Yassine Ouhammou, Henri Bauer",2021,empty,9782100778423,English,1
The Greatest True Crime Stories Ever Told,Tom McCarthy,2020,Lyons Press,9781493056705,English,1
Los Niños del Borgo Vecchio,Giosuè Calaciura,2020,empty,9788416291946,English,1
200 Words to Help You Talk about Art,Ben Street,2020,Laurence King,1786276933,English,1
200 Words to Help You Talk about Philosophy,Anja Steinbauer,2021,Laurence King,1786276941,English,1
Multimedia Building Techniques for Scale Model Aircraft,Robin Carpenter,2021,Crowood Press (UK),1785007238,English,1
Belonging,Owen Eastwood,2019,Quercus Books,1529415063,English,1
Rallentare. La fine della grande accelerazione e perché è un bene,Danny Dorling,2000,empty,9788832853117,English,1
Amazing Miracles of Padre Pio,Frank M Rega Sfo,2003,empty,9781070321103,English,1
Naval Ship Models of World War II in 1/1250 and 1/1200 Scales,Robert K Liu,2021,empty,1526793911,english,1
La PNEI e il sistema miofasciale: la struttura che connette,"N. Barsotti, Marco Chiera, Diego Lanaro, Francesco Bottaccioli",2017,empty,9788821441103,indonesian,1
Doctor Who,Justin Richards,2017,empty,9791032401149,indonesian,1
The Miracle of Vegetables,Bahram Tadayyon,2013,Xlibris Corporation,9781483605029,english,1
Practical Sacramental Theology,Bruce T. Morrill,2021,Wipf and Stock Publishers,9781725297180,spanish,1
"Doctor Who, les archives",Marcus Hearn,2014,empty,9782355741777,english,1
The Root Witch ,Debra Castaneda,2022,empty,9798848409406,turkish,1
Les voyages extraordinaires de Doctor Who,David Torres,2021,empty,9782377841936,german,1
Cuba en bicicleta,Gabriel Pernau,2000,empty,9788440696809,spanish,1
Sang Ratu Keabadian,Michelle Moran,2009,empty,9789790755246,english,1
Selene Putri sang Cleopatra,Michelle Moran,2010,empty,9789790755260,italian,1
Nefertari sang ratu heretik,Michelle Moran,2008,empty,9789790755253,dutch,1
Handbook of Microsatellite Markers,Joe Harris,2022,empty,1639872876,english,1
The Iron Vow,Julie Kagawa,2022,empty,9781335453662,English,1
El pacto ,Emily delevigne,2023,empty,9788419301352,English,1
Silver in the Bone,Alexandra Bracken,2023,Knopf Books for Young Readers,9780593481653,English,1
Spare,Prince Harry,2013,empty,0593593804978,English,1
Exiles,Jane Harper,2023,Macmillan,9781529098440,English,1
Choral Pedagogy,"Brenda Smith, Robert Thayer Sataloff",2018,Plural Pub Incorporated,9781597565356,English,1
Stardust in Their Veins,Laura Sebastian,2022,empty,9780593650295,English,1
Geleceğin fiziği,Michio Kaku,2021,empty,9786059856188,English,1
Analyse financière 2022-23,Gilles Meyer,2022,empty,9782017182290,English,1
Yoga Sutralar 2,Cetin Tas,2021,empty,9786057040916,English,1
Against the Great Reset,Michael Walsh,1996,Bombardier Books,9781637586303,English,1
Yoga Sutralar 1,Cetin Tas,2001,empty,9786057040909,English,1
L' uomo che sapeva contare,Malba Tahan,2022,empty,9788877824813,English,1
PLAYBOY MAGAZINE GIRLS OF BADA BING SOPRANOS STRIPPERS AUG 2001 Belinda Carlisle,Playboy USA Belinda Carlisle,2023,empty,7098935270,English,1
Akarnae,Lynette Nonı,2021,empty,9786053047643,English,1
The Foxglove King,Hannah Whitten,2023,Orbit,9780356518916,English,1
Project Chronos,Steve Antonette,2022,Primix Publishing,9781954886001,English,1
Spice Road,Maiya Ibrahim,2022,Hachette UK,9781399702041,English,1
Sport und Ernährung,"Christoph Raschka, Stephanie Ruf",2020,empty,9783132429178,English,1
The Healing Power of Nature: Vincent Van Gogh,Vincent Van Gogh,2021,empty,191461304X,English,1
From Neuron to Brain,Robert Martin,2020,"Sinauer Associates, Incorporated",1605354392,English,1
Cognitive Neuroscience of Language,David L. Kemmerer,2018,empty,113831840X,English,1
The Genesis of Seven,Sara M. Schaller,2022,Empyrean Trilogy,9781732516205,English,1
Becoming a More Strategic Product Manager,Todd Birzer,2022,empty,1980926786,English,1
Confronting Jesus,Rebecca McLaughlin,2022,empty,1433581132,English,1
La lengua es un lugar,Varios autores. Prólogo de Pablo Duarte,2022,empty,9786079913076,English,1
The Stolen Heir,Holly Black,2011,empty,9781549135033,English,1
シュミット・タイポグラフィ,ヘルムート・シュミット,2023,empty,476613575X,English,1
Per sfiorare le nuvole,Chiara Parenti,2022,empty,9788811689492,English,1
Goede hoop,Lark Sara,2022,empty,9789026116,English,1
"Forgotten Fantasy, Sunday Comics 1900-1915",Peter Maresca,2007,Sunday Press,9780976888598,English,1
spare,prince harry the duke of sussex,2019,empty,9780593593806,English,1
Truth Changes Everything,Dr. Jeff Myers,2020,Baker Books,1540900371,English,1
Title TBA 327272,Greta Thunberg,2018,Allen Lane,0241547474,English,1
The Grays,Whitley Strieber,2000,Forge Books,9780765352590,English,1
ISE Rock Music Styles: A History,Katherine Charlton,2016,empty,1260566315,English,1
Pursuing Enterprise Outcomes,Alex Yakyma,2004,empty,9780998162928,English,1
Power of a Common Man,Koral Dasgupta,2014,empty,9789384030155,english,1
Mistaken Identity ,G K Parks,2022,empty,9781942710332,english,1
In love with shah rukh khan,Ajitabha bose,2006,empty,9789385137518,english,1
Girl in the Picture,Denise Chong,2023,Penguin,9780143056201,chinese,1
Barrow of Winter,H. M. Long,2016,"Titan Books (US, CA)",9781803360027,italian,1
The Pleasures of Eating Well,"Amanda Gale, Christina Ong",2022,Clearview,9781908337306,english,1
Fall with me,Jessica sorensen,2019,empty,2940166362469,english,1
Die Glocke The Bell,S E Bolden,2022,empty,9781684563784,English,1
A occhio e quanto basta. La mia ricetta di felicità,Francesca Barra,2009,empty,9788891835437,English,1
Okulda şiddet,Éric Debarbieux,2019,empty,9789750506543,English,1
社会学讲义,费孝通,2021,empty,9787567592025,English,1
How My Immune System Beat Cancer,Fred Evrard,2021,empty,9798594206939,English,1
Black Indians and Freedmen,Christina Dickerson-Cousin,2022,empty,0252086252,English,1
Pathfinder Kingmaker Companion Guide (P2),"Alexander Augunas, Russ Brown, Jeremy Corff, Steven T Helt, Eric Hindley, James Jacobs, Victoria Jaczko, Jeff Lee, Tom McQueen, Jason Nelson, Chris Perrin, Richard Pett",2016,empty,9781640784338,English,1
Rapunzel,Brothers Brothers Grimm,2012,Createspace Independent Publishing Platform,1530745861,English,1
The Wind Blows Through the Doors of My Heart,Deborah Digges,2022,National Geographic Books,9780375711701,English,1
Pathfinder Kingmaker Adventure Path (P2),"Steven T. Helt, Tim Hitchcock, James Jacobs, Ron Lundeen, Rob McCreary, Jason Nelson, Richard Pett, Tom Phillips, Neil Spicer, Greg A Vaughan",2015,empty,9781640784291,English,1
The Hidden Ancestral Idenity of the American Negro,RaDine A America-Harrison,1997,Quantum Leapslc Publications,0970545517,English,1
Native Americans and Black Americans,"Kim Dramer, Frank W. Porter",2007,Chelsea House Pub,0791044629,English,1
Black Indian Genealogy Research,Angela Y. Walton-Raji,1956,empty,0788444735,English,1
The Count of Monte Cristo,Alexandre Dumas,2022,Bantam Classics,0553213504,English,1
Warrior Cats - Das gebrochene Gesetz. Ort ohne Sterne,Erin Hunter,1966,empty,3407756461,English,1
"Goodbye Piccadilly, Farewell Leicester Square",Arthur La Bern,1969,Pan,9780330022750,English,1
Nuclear Weapons and Foreign Policy,Henry Kissinger,2011,W W Norton & Company Incorporated,0393004945,English,1
Writing with Hitchcock,Steven DeRosa,2022,empty,9780983205609,English,1
Le diete che ti hanno rovinato la vita. Come imparare a mangiare per smettere di soffrire ,Giulia Biondi,1996,empty,9788820073879,English,1
Coral Snakes of the Americas,Janis A. Roze,1989,Krieger Publishing Company,9780894648472,English,1
The Venomous Reptiles of Latin America,"Jonathan A. Campbell, William W. Lamar",2023,Comstock Pub Assoc,9780801420597,English,1
寰宇文献Natural History系列,约瑟夫·纳尔逊·罗斯,2022,empty,9787567579934,English,1
Excellent Advice for Living,Kevin Kelly,1990,National Geographic Books,0593654528,English,1
Painful,S. C Stephens,2022,empty,9798417281525,English,1
Roger Caras' Treasury of Great Cat Stories,Roger A. Caras,1968,BBS Publishing Corporation,9780883657638,English,1
Xoxo Ciltli,Axie Oh,2022,empty,6053047449,English,1
Rajput Architecture,Govind Sadashiv Ghurye,2016,Popular Prakashan,8171544460,English,1
Coming Home to Mistletoe Cottage,Celia Anderson,2022,HarperCollins UK,9780008468484,English,1
Secrets of the Snow,Hiva Panahi,2022,empty,9780986240058,English,1
"Police, Provocation, Politics",Deniz Yonucu,2022,"Police/Worlds: Studies in Security, Crime, and Governance",9781501762161,English,1
A Giant Win,Tom Coughlin,2011,empty,1538724642,English,1
Swagger,"Jimmy Johnson, Dave Hyde",2022,Scribner,1668008629,English,1
Petits dialogues initiatiques avec mon chat,Sylvie Sarzaud,2018,empty,9782940430604,English,1
Déployer l'amour de soi,Chloé Bloom,2018,Editions Eyrolles,9782212070965,English,1
Lines on a Map,Frank Wolf,1980,Rocky Mountain Books Incorporated,9781771602891,English,1
The Strange Case of the Alchemist's Daughter,Theodora Goss,2022,Gallery / Saga Press,9781481466516,English,1
The Covenant,James A. Michener,1987,empty,9780394505053,English,1
Dirtbag Astrology,Alberto Toribio,2018,Sterling Publishing (NY),9781454945529,English,1
The World & I.,Trevor dupay,2022,empty,9780913729571,English,1
"一声狂笑, 半个盛唐",随园散人,1992,empty,9787559422217,English,1
Happy Witch,Mandi Em,2015,Simon and Schuster,9781507219713,English,1
The Development of Military Thought,"Azar Ga.t, Azar Gat, Chair of the Department of Political Science Azar Gat",2013,Oxford University Press,9780198202462,English,1
The Oxford Encyclopedia of the Bible and the Arts,"Florence Harkness Professor of Religion Timothy Beal, Timothy Beal",2015,"Oxford University Press, USA",9780199846511,English,1
"人生如逆旅, 幸好还有苏轼",湘人彭二,2022,empty,9787572604928,english,1
100 Days to Brave Guided Journal,Annie F. Downs,2020,empty,9780310455226,chinese,1
Política y verdad en el Leviatán de Thomas Hobbes,"Fernando Vallespín, Fernando Vallespín Oña",2021,empty,9788430981618,chinese,1
영상의학(개정판 4판)(양장본 HardCover),서울대학교의과대학영상의학교실,2021,empty,9788933707869,english,1
"신경과메뉴얼(SNUH전공의들이 쓴 의과대학생,전공의를 위한)",서울대학교의과대학신경과학교실,2021,empty,9791189210441,english,1
Il mio amico Céline,Robert Poulet,2011,empty,9788861922372,chinese,1
Contro la gioventù,Robert Poulet,2018,Streit,9788894807165,persian,1
"Sin, the Human Predicament, and Salvation in the Gospel of John",Mathew E. Sousa,2021,Bloomsbury Publishing,9780567699190,English,1
You're the Hugs to My Kisses,Barbara Herndon,2022,empty,9780310734963,English,1
Sin in the New Testament,Jeffrey Siker,2019,Oxford University Press,9780190465766,English,1
改革開放在中南海,郝懷明,2018,empty,9889791269,English,1
Bukhari,Ghassan Abdul-Jabbar,2007,"Oxford University Press, USA",0195676564,English,1
God's Power in Me,Margaret Feinberg,2021,empty,9780310744610,English,1
The Mediterranean Plate,Debbie Adler,2022,empty,9798844335570,English,1
语文教育心理学,董蓓菲,2017,empty,9787301281048,English,1
Game Development 2042,Tim Fields,2022,CRC Press,9781003291800,English,1
The Art & Design of Final Fantasy XV,Maarten Brands,2017,empty,9789082457667,English,1
Construction all risks insurance,Paul Reed (Barrister),2021,empty,9780414074965,English,1
比较政治学,王正绪、耿曙、唐世平,2021,empty,9787309152494,English,1
"Sojourners, Sultans, and ""Slaves""",Gunja SenGupta,2023,empty,9780520389137,English,1
Liberty! the American Revolution,Thomas Fleming,2016,Createspace Independent Publishing Platform,9781541020016,English,1
Simple Rules,Shannon Taylor Scarlett,2013,CreateSpace,9781484152072,English,1
Alamutun Efendisi Hasan Sabbah,Pol Amir,2013,empty,9786055638511,English,1
Dominicans and the Pope,Ulrich Horst,2022,empty,0268206074,English,1
Au coeur des urgences,Marie Belleville,2021,Hachette Pratique / Hachette Heroes,9782019456719,English,2
Rootwork,Tracy Cross,2022,empty,9781949054453,English,2
"Deficits of Trust - The Rodgers Brief Report on the April 18-19, 2020 Nova Scotia Mass Shooting and the Commission of Inquiry That Followed",Adam Rodgers,2022,empty,9781778104206,English,2
La democracia,Robert Alan Dahl,2022,empty,9788434434943,English,1
Ager sanguinis,Aurelio Pes,1995,empty,9788837302504,English,1
"Peanut Butter: Breakfast, Lunch & Dinner","Tim Lannan, James Annabel",2020,Hardie Grant,9781743795750,English,1
Bound Feet,Kelsea Yu,2022,empty,9798842190188,English,1
Mummy Is a Killer,Nikkia Roberson,2012,Random House,9780091949709,English,1
The Definitive Book of Handwriting Analysis,Marc Seifer,2009,Career Press,9781601630254,English,1
스넬 임상신경해부학(8판),Ryan Splittgerber,2020,empty,9788964980729,English,1
Développez vos talents subtils,Luc Bodin,2021,empty,2813225274,English,1
You Are More Than Just Your Sun Sign,Joan Zodianz,2021,Zodianz,9780578858302,English,1
A Different Darkness and Other Abominations,Luigi Musolino,2022,Valancourt Books,9781954321731,English,2
Beyond the Stars,"David Bruns, A K DuBoff, Patty Jansen",2020,empty,1688303707,English,2
Beyond the Stars,"Lindsay Buroker, Michael Ezell",2017,Createspace Independent Publishing Platform,9781544926995,English,2
Commendable Delusions,A. T. French,2022,A. T. French,9781737950011,English,1
Renew,Jenna Greene,2021,empty,1645830497,English,1
Reborn,Jenna Greene,2018,empty,9781729409541,English,1
Parallels,Cassandra Lynn King,2012,Csj King Publishing,9780985622008,English,1
Peak of the Panthers,Cassandra Lynn King,2021,empty,9798729784639,English,1
As 29 poetas hoje,Várias autoras,2021,Companhia das Letras,9786557821084,English,1
科学技術日本語の基礎,"Edward E. Daub, 信雄·井上, Robert Byron Bird",2010,empty,9780299127343,English,1
中文版ansys workbench 2021有限元分析从入门到精通,天工在线,2021,empty,9787522603476,English,1
گرگ کوچولو دانا ,خیس فان در هامن,2017,empty,9786226986427,English,1
The Penguin Book of Historic Speeches,Brian MacArthur,2011,Viking,9780241982396,English,1
Cajetan Responds,Tommaso de Vio Cajetan,2017,Wipf and Stock Publishers,1610975693,English,1
Controversies of the Christian Faith,Saint Roberto Francesco Romolo Bellarmino,2016,empty,0991226860,italian,1
Written in Exile,Ignacio Lopez-Calvo,2019,Routledge,1138864463,english,1
Racconti dai ghiacci. Frozen,Disney,2019,empty,9788852233722,english,1
On Divine Tradition,John Baptist Cardinal Franzelin,2016,Createspace Independent Publishing Platform,1537593404,chinese,1
Resonance: The Game Is Life:,Terry Schott,2019,Game Is Life,1090198094,italian,1
Saga,Brian K. Vaughan,2012,empty,1534323341,English,1
Skid Kids,Michael Franz,2021,empty,9781737713302,English,1
Knowledge for Action,Chris Argyris,1993,Jossey-Bass,9781555425197,English,1
Ingranaggi. Locke & Key,"Joe Hill, Gabriel Rodriguez",2020,empty,9788869136344,English,1
Alpha & Omega. Locke & Key,"Joe Hill, Gabriel Rodriguez",2020,empty,9788869136351,English,1
Locke & Key,"Joe Hill, Gabriel Rodriguez",2020,empty,9788869136368,English,1
为什么是马勒,莱布雷希特,2018,empty,9787108060808,English,1
NCMHCE Study Guide,Joshua Rueda,2020,empty,163775020x,English,1
Le chiavi del regno. Locke & key,"Joe Hill, Gabriel Rodriguez",2021,empty,9788869136337,English,1
A History of Chilean Literature,Ignacio López-Calvo,2022,empty,1108487378,English,1
Made with Love: Get hooked with 30 knitting and crochet patterns,Tom Daley,2014,HarperCollins UK,9780008546830,English,1
穿越火焰,娄·里德（Lou Reed）,2021,empty,9787305122668,English,1
"A New Approach to REASONING Verbal , Non-Verbal & Analytical","BS Sijwalii, Indu Sijwali",2021,Arihant Publications India limited,9789325299474,English,1
The Governor's Daughter,Maria Ereni Dampman,2015,empty,9781737177005,English,1
Sacro/Profano. Manuale sexy. Il sesso degli angeli (...e dei diavoli!),Mirka Andolfo,2014,empty,9788889786529,English,1
酸臭之屋,威尔许,2014,empty,9789862271568,English,1
The art of sacro/profano. Affreschi d'inferno,Mirka Andolfo,2016,empty,9788889786444,English,1
Heaven's kitchen. Sacro/profano,Mirka Andolfo,2018,empty,9788889786611,English,1
"Sacro/profano omnibus. (Ovvero, il primo vero incontro di Angelina e Damiano. E delle loro mamme)",Mirka Andolfo,2016,empty,9788832755060,English,1
Sovereign Social Protocal,Bernadette Allen,2017,Createspace Independent Publishing Platform,9781522879954,English,1
Non ci indurre in tentazione. Sacro/Profano,Mirka Andolfo,2019,Non ci indurre in tentazione. Sacro/Profano,9788889786703,English,1
Gran finale. Sacro/profano,Mirka Andolfo,2019,empty,9788834900970,English,1
Liberaci dal male. Sacro/profano,Mirka Andolfo,2019,empty,9788832756487,English,1
알수록 재미있는 신경학,대한신경과학회,2016,empty,9791159431616,English,1
Sacro/profano. Nel nome del padre,Mirka Andolfo,2015,empty,9788889786639,English,1
Paradiso. Sacro/profano,Mirka Andolfo,2014,empty,9788889786566,English,1
Purgatorio. Sacro/profano,Mirka Andolfo,2013,empty,9788889786485,English,1
Inferno. Sacro/profano,Mirka Andolfo,2015,Inferno. Sacro/profano,9788889786434,English,1
La regina nel bosco,Neil Gaiman,2019,empty,9788804655526,English,1
Friend-Ish,Kelly Needham,2022,Thomas Nelson,1400213517,English,1
24 ore di Le Mans. 100 anni di una corsa leggendaria. Ediz. illustrata,Mario Donnini,2014,empty,8879118781,English,1
Schachnovelle,Stefan Zweig,2019,SEVERUS Verlag,9783863477943,English,2
Daisy,Marco Barretta,2021,empty,9788867903351,English,2
Daisy. La maschera spezzata,Marco Barretta,2015,empty,9788867904310,English,2
Blood On Snow. Der Auftrag,Jo Nesbø,2021,empty,3550080778,English,1
Flamer,Mike Curato,2020,empty,9788867904136,English,1
La voce dell'ombra. Monster Allergy. Evolution,Licia Troisi,2022,empty,9788867903733,English,1
A Little God Time for Busy Couples,BroadStreet Publishing BroadStreet Publishing Group LLC,2021,Broadstreet Publishing,1424564581,English,1
Camel Trophy: the Definitive History,NICK. DIMBLEBY,2008,empty,1913089371,English,1
La fabbrica degli incubi,"Stuart Moore, Joe Harris, Ben Templesmith",2020,empty,9788895195902,English,1
Newlywed Couple's Devotional,"Christopher Bailey, Jamie Bailey",2010,Zeitgeist,0593196678,English,1
The Porn Star Guide to Great Sex,Mr. Marcus,1992,St. Martin's Press,9781429920957,English,1
Cipí,Mario Lodi,2022,empty,9788879260909,English,1
"Friends, Lovers and the Big Terrible Thing",Matthew Perry,2018,BASTEI LÜBBE,9783751728850,English,1
Lancia. 7 storie straordinarie-7 extraordinary stories. Ediz. illustrata,Daniele Buzzonetti,2019,empty,8877921617,English,1
Together with Christ - A Dating Couples Devotional,Chelsea Damon,2018,Althea Press,1641522534,italian,1
I married a girl to shut my parents up,Naoko Kodama,2021,empty,9788822622280,italian,1
Porsche Unseen,Stefan Bogner,2020,Delius Klasing Verlag Gmbh,3667119801,english,1
Un minuto con Dios para parejas: ￼Las 10 llaves para una relación más íntima y salud,Rebeca Segebre,2009,empty,9781733532846,italian,1
1001 automobili. I grandi modelli di ieri,S. Heptinstall,2019,empty,8874551541,chinese,1
佛教香客在圣地西藏,Gonbochzhab T︠S︡ėbekovich T︠S︡ybikov,1993,empty,9787223004756,spanish,1
Lamborghini Countach,Francesco Patti,2022,Giorgio NADA Editore,9788879118613,english,1
The New World Order Illusion,"Victor Thorn, Lisa Guliani",2004,empty,0970195044,english,1
The Founding of Modern States,Richard Franklin Bensel,2022,empty,9781009247245,chinese,1
The New World Order Exposed,Victor Thorn,2003,empty,0970195028,English,1
Fiat 131 Abarth,Franco Carmignani,2022,Giorgio NADA Editore,9788879118637,English,1
9-11 on Trial,Victor Thorn,2006,empty,0930852877,English,1
寻他千百度,金庸,2014,empty,9787101097023,English,1
Mafie del mio stivale. Storia delle organizzazioni,Enzo Ciconte,2008,empty,9788862667678,English,1
Hillary (and Bill).,Victor Thorn,2008,empty,0978573382,English,1
Hillary (and Bill).,Victor Thorn,2011,American Free Press,0978573358,English,1
"La legge Rognoni-La Torre, tra storia ed attualità",E. Ciconte,2015,empty,9788849872835,English,1
New World Order Assassins,Victor Thorn,2022,empty,0984635009,English,1
Le Nuove Tesi Del Cluetrain Manifesto,"David Weinberger, Doc Searls, Giulio Gaudiano",2022,CreateSpace,9781507775165,English,1
Pianeta Giulia: tutta colpa di venere!,Giulia Gaudino,2023,empty,9788891836,English,1
La buona scuola. Cambiare le regole per costruire l'uguaglianza,Rachele Furfaro,2009,empty,9788807174179,English,1
Sweet Enough: A Baking Book,Alison Roman,2022,empty,9781743799475,English,1
"Nonnegative Matrices, Positive Operators, and Applications","Jiu Ding, Aihui Zhou",2022,World Scientific Publishing Company Incorporated,9812839178,English,1
A occhio e quanto basta,Francesca Barra,2016,empty,9788891835,English,1
Linear Algebra I: Basic Concepts,"KAZUO. SUGIHARA MUROTA (MASAAKI.), Masaaki Sugihara",2019,Co-Published with World Scientific,9811257027,English,2
玖章造园,董豫赣,2022,empty,9787560867038,English,2
SSC Stenographer (Grade 'C' & 'D') Guide 2020,Arihant Experts,2018,Arihant Publications India limited,9324190946,English,2
当代建筑22讲,[黎巴嫩]埃利·G.哈达德 / [美]大卫·里夫金德 主编,2011,empty,9787570321384,English,1
Objective Question Bank of Computer Awareness for General Competitions,Arihant Experts,2022,Arihant Publications India limited,9351768171,English,1
신경영상의학(개정판)(양장본 HardCover),장기현,2020,empty,9788933706039,English,1
Madness,Justin Garson,2017,Oxford University Press,0197613837,English,1
Food and Sustainability,"Paul Behrens, David Ehrhardt, Thijs Bosker",2019,"Oxford University Press, USA",0198814372,English,1
Gloaming,Keaton Henson,2022,empty,9781903977521,English,1
The Serpent and the Red Thread,Diane Weber Bederman,2021,empty,1927618134,English,1
"Sketch Of The Sikhs: A Singular Nation, Who Inhabit The Provinces Of The Penjab, Situated Between The Rivers Jumna And Indus (1812)",John Malcolm,2019,empty,9781165835973,English,1
Vampire Academy: Sangre fría,Richelle Mead,2022,empty,9788418359842,English,1
Vampire academy,Richelle Mead,2000,empty,9788418359835,English,1
光学教程,姚启钧,2004,empty,9787040510010,English,1
Sketch of the Sikhs,Malcolm,2020,empty,9788121240253,English,1
Sketch of the Sikhs,Malcolm,2020,empty,8121240255,English,1
日本早期社会主义思想史,梅森直之,2003,empty,9787532789603,English,1
The Boundaries of International Law,"Hilary Charlesworth, Christine Chinkin",2010,Manchester University Press,9780719037399,English,1
Queer Cultures,Deborah Carlin,2022,Prentice Hall,9780130416537,English,1
SSC Chapterwise Solved Papers Reasoning 2020,Arihant Experts,2022,Arihant Publications India limited,9324194194,English,1
General Studies,Rakesh Dwivedi,2022,empty,9789389949711,English,1
Flirting with Mermaids,John Kretschmer,2006,"Sheridan House, Inc.",9781574091649,English,1
De parachutemoord,Faroek Özgünes,2018,empty,9789020995510,English,1
"NCERT MCQs India & World Geography Class 6-12 (Old + New) for UPSC , State PSC and Other Competitive Exams","Vivek Sharma, Rajpriya",2010,Arihant Publications India limited,9789326191098,English,1
Get it done,Ayelet Fishbach,2010,Singel Uitgeverijen,9789021422152,English,1
"NCERT MCQs Indian History Class 6-12 (Old+New) for UPSC , State PSC and Other Competitive Exams","Amibh Ranjan, Janmejay Sahani",2014,Arihant Publications India limited,9789326191081,English,1
La niña que se aburría con todo,Leonardo Padrón,2014,empty,9789584246400,spanish,1
"NCERT MCQs Indian Economy Class 9-12 (Old+New) for UPSC , State PSC and Other Competitive Exams",Rakesh Kumar Roshan,2022,Arihant Publications India limited,9789326191067,english,1
NCERT MCQs General Science Class 6-12 (Old+New),"Digvijay Singh, Nandita Mitra, Sanubia Saleem",2022,empty,9789326191104,korean,1
Principes van subliem webdesign,"Jason Beaird, James George (webdesign.), Alex Walker",2021,empty,9789463562249,italian,1
Escrito en el agua,Pedro Menchén,2011,empty,9788492609994,french,1
Historical Memory and Foreign Policy,"Lina Klymenko, Marco Siddi",2022,empty,9783031151941,chinese,1
Master Guide SSC CGL Combined Graduate Level Pre Exam Tier 1 2022,Arihant Experts,2021,Arihant Publications India limited,9789325799783,English,1
LOYALTY.,MARTINA. COLE,2021,empty,9781472249494,English,1
"Themes in Modern European History, 1780-1830",Pamela M. Pilbeam,1995,Psychology Press,9780415101738,English,1
Depicting the Divine,Olga G Voronina,2021,Legenda,9781781885468,English,1
J. M. Synge,Seán Hewitt,2021,"Oxford University Press, USA",9780198862093,English,1
"The Golden Thread: Irish Women Playwrights, Volumes 1 And 2","David Clare, Fiona McDonagh, Justine Nakase",2021,empty,9781800856165,English,1
Rich Russians,Elisabeth Schimpfössl,2020,"Oxford University Press, USA",9780197523797,English,1
The Elephant Conspiracy,Peter Hain,2022,empty,9781739966058,English,1
부의 원칙(양장본 HardCover),래리하이트,2020,empty,9791157844487,English,1
Magbook India & World Geography for Civil services prelims/state PCS & other Competitive Exam 2022,"Vivek Sharma, Deepika Singh",2021,Arihant Publications India limited,9789325798045,English,1
왜 추세추종전략인가,마이클코벨,2014,empty,9788991998896,English,1
추세추종전략,마이클코벨,2005,empty,9788984053243,English,1
The Major Political Writings of Jean-Jacques Rousseau,Jean-Jacques Rousseau,2014,University of Chicago Press,9780226151311,English,1
Voyage aux Caraïbes,"Jean-Baptiste Labat, Père Labat",2001,Ancre de Marine Editions,2841411613,English,1
Voyage aux Isles,Jean-Baptiste Labat,2011,empty,275290665X,English,1
Tārīk̲h̲-i Balūcistān,Hattū Rām,1973,empty,9693504968,English,1
K-Wiring,C. Rex,2022,Thieme,9789392819728,English,1
Testimony,Mark Chadbourn,1996,Gollancz,0575600780,English,1
"Freight Broker and Trucking Business Startup: The most complete Guide to Start, Grow and successfully run your own Freight Brokerage Business and Trucking Company with a Practical Step-by-Step System",Terence Hargraves,2021,empty,9798493058202,English,1
EAMCET Physics Andhra and Telangana Chapterwise 28 Years' Solutions and 5 Mock Tests 2020,Arihant Experts,2019,Arihant Publications India limited,9789324192462,English,1
EAMCET Chemistry Andhra and Telangana Chapterwise 28 Years' Solutions and 5 Mock Tests 2020,Arihant Experts,2019,Arihant Publications India limited,9789324192479,English,1
Revolution and the Meanings of Freedom in the Nineteenth Century,Isser Woloch,1996,Stanford University Press,9780804727488,English,1
El cultivo del olivo 7ª ed.,"BARRANCO NAVERO,  DIEGO, FERNANDEZ ESCOBAR,  RICARDO, RALLO ROMERO,  LUIS",2017,Editorial Paraninfo,8484767140,English,1
说什么激进,李书磊,2003,empty,9787505942066,English,1
Inside the Soviet Writers' Union,"John Gordon Garrard, Carol Garrard",1990,New York : Free Press,9780029113202,English,1
The Role of Monarchy in Modern Democracy,"Robert Hazell, Bob Morris",2022,Hart Publishing,1509944559,English,1
The Road Goes Ever on,"Donald Swann, John Ronald Reuel Tolkien",2002,HarperCollins Publishers,0007136552,English,1
States and statistics in the nineteenth century,Nico Randeraad,2020,Manchester University Press,9781526147530,English,1
The Cambridge Companion to Ancient Logic,"Luca Castagnoli, Paolo Fait",2022,empty,9781107477674,English,1
The Bones of Berdichev,"John Gordon Garrard, Carol Garrard",1996,empty,0684822954,English,1
"The Year in Tech, 2023: The Insights You Need from Harvard Business Review",Harvard Business Review,2023,empty,1647824540,English,1
Another Time,W. H. AUDEN,2019,empty,9780571351152,English,1
Empirical and Analytical Analysis of Nonlinear Pricing Strategies,Ping Xiao Pro,2011,empty,9781243646019,English,1
Oscuri talenti ,J. M. Miro,2022,empty,8830109339,English,1
Instructions of Shuruppak,Amber Snow,2019,Independently Published,9798416095130,English,1
100 Trésors de l'Islam,Doudouch Samir,2019,empty,9781952608018,English,1
The Crock-Pot Ladies Big Book of Slow Cooker Dinners,"Heidi Kennedy, Katie Handing, Sarah Ince",2022,Harvard Common Press,1558329249,English,1
Slaughtered Gods,Thilde Kold Holdt,2022,Solaris,9781786187451,English,1
The Truth about Digital Marketing for Financial Advisors,Kristin Shea,2016,empty,9798986295107,English,1
Cambridge International AS and A Level Geography Skills Workbook,"Paul Guinness, Garrett Nagle",2007,empty,9781471873768,English,1
Explorations in Complexity Thinking,"Kurt A. Richardson, Paul Cilliers",2020,Isce Pub,0979168813,English,1
Incroyable Histoire,"Collectif (Auteur), Bruno Porlier (Traduction), Claire Lefebvre (Traduction)",2016,Gallimard jeunesse,9782075142724,English,1
危险品运输,李学斌,2009,empty,9787566112460,English,1
Sterling Ruby,"Sterling Ruby, Robert Carleton Hobbs, Jörg Heiser",2012,Jrp Ringier Kunstverlag Ag,9783037640104,English,1
Entretien clinique,James Morrison,2018,Mardaga,9782804706418,romanian,1
Universelle(S) #02,Kid*Stokart Toussaint (Aveline),2022,empty,2808200005,chinese,1
Universelle(S) #02,Kid*Stokart Toussaint (Aveline),2022,empty,9782808200004,english,1
Be Antiracist,Ibram X. Kendi,2020,National Geographic Books,9780593233009,english,1
製作客家人,簡宏逸,2019,城邦印書館,9578679548,italian,1
HOMO FABER,OSVALDO LUIZ RIBEIRO,2019,empty,9788574787350,portuguese,1
Pana la sfârșit ,Irina Binder,2001,empty,9786066392846,English,1
Introduction to Biomedical Equipment Technology,"Joseph J. Carr, John Michael Brown",2021,Pearson College Division,9780130104922,English,1
Broken Alliances,"Carlos Ghosn, Philippe Riès",2022,empty,1954306008,English,1
Le Premier qui meurt à la fin,Adam Silvera,1990,Robert Laffont,9782221265598,English,1
La sculpture,Marie-Thérèse Baudry,2017,La Documentation Française,2110808160,English,1
庫洛魔法使 愛藏版 (1),CLAMP,2017,東立出版社,9789864829682,English,1
儿童杂事诗笺释,钟叔河,2014,empty,9787511034908,English,1
倚晴樓七種曲,[清] 黄燮清,2010,empty,9787550807495,English,1
Maybe You'll Love Me When I'm Gone,Neil Jed Castro,2018,empty,9780463998380,English,1
《社会学方法的准则》导读,"张畅, 迪尔凯姆",2022,empty,9787201061726,English,1
Braving Britannia,Wes Locher,2022,Createspace Independent Publishing Platform,9781721853885,English,1
The Example,Ryan Stewman,2022,empty,9798357347190,English,1
Sara Blakely: A Kid's Book About Redefining What Failure Truly Means ,mary nhin,2022,empty,9781637313329,English,1
Titans of War,Wilbur Smith,1983,Zaffre,1838779086,English,1
The Leader's Playlist,Susan Drumm,2021,River Grove Books,1632996014,English,1
Mensen in een grot,Corn Verhoeven,2009,empty,9026306245,English,1
Multicultural Therapy,"Melba J T Vasquez, Josephine D Johnson",2019,empty,1433836483,English,1
"Keyboard, der Komplettkurs",Steve Ashworth,2019,empty,9783802408182,English,1
Chef in Camicia. Gourmet. Fusion. Casereccio. Ricette perfette per tutte le occasioni,"Andrea Navone, Nicolò Zambello, Luca Palomba",2000,empty,9788817142885,English,1
Chef in Camicia. Gourmet. Fusion. Casereccio. Ricette perfette per tutte le occasioni,"Andrea Navone, Nicolò Zambello, Luca Palomba",2022,empty,8817142883,English,1
Grundlagenharmonik & grundlagenharmonisches Denken,Werner Pöhlert,2022,empty,3877421601,English,1
Media Today,Joseph Turow,2022,Routledge,9780367680299,English,1
come l'acqua per la farina ,cooker girl,2016,empty,9788891587909,English,1
Leadership Not by the Book,"David Green, Bill High",2018,Baker Books,1540902242,English,1
Big Shifts Ahead,"John Burns, Chris Porter",2021,Advantage Media Group,1599327228,English,1
吴昌碩全集: 書法卷,"鄒濤, 沈樂平, 陳大中, 尚佐文, 解小青",2014,empty,9787547917138,English,1
Human-Centered Communication,"Ethan Beute, Stephen Pacinelli",2022,empty,1639080007,English,1
吴昌硕年谱长篇,朱关田,2016,empty,9787554002681,English,1
Ruth & Pen,Emilie Pine,2022,Hamish Hamilton,0241573297,English,1
擦亮爱的那颗星,毕淑敏,2022,empty,9787549581429,English,1
Un dottore al Polo Sud,Juliette Hyland,2014,Harper Collins Italia,9788830543959,English,1
O astronauta ,Jaroslav Kalfař,2014,empty,9788576575214,English,1
吴昌硕纪念书法绘画篆刻录,朱关田,2022,empty,9787554003022,English,1
The Rules to Break,Richard Templar,2006,Pearson,9781292064734,English,1
Ruth and Pen,Emilie Pine,2022,Hamish Hamilton,0241393663,English,1
The Travels and Adventures of Serendipity,"Robert K. Merton, Elinor Barber",2007,Princeton University Press,9780691126302,English,1
La principessa Baciarospi,Garth Nix,2023,empty,9788809911901,English,1
What is Wrong with Being Black?,Matthew Ashimolowo,2022,Destiny Image Pub,9780768426380,English,1
What Have We Done,Alex Finlay,2023,Minotaur Books,1250863724,English,1
Zapatista Stories for Dreaming An-Other World,Subcomandante Marcos,2023,Kairos,9781629639703,English,1
Glitterland,Alexis Hall,2023,Sourcebooks Casablanca,9781728265285,English,1
Nerdcrush,Alisha Emrich,2022,Running Press Kids,9780762480685,English,1
If I See You Again Tomorrow,Robbie Couch,2022,Simon & Schuster Books for Young Readers,9781534497498,English,1
Dime qué escondes,Karen M. McManus,2012,ALFAGUARA INFANTILES Y JUVENILES,9788419191373,English,1
De laatste seconde en andere verhalen,"David Baldacci, Deon Meyer, Cilla En Rolf Börjlind, Gregg Hurwitz",2015,A.W. Bruna Uitgevers,9789044974522,french,1
Hard things,Ben Horowitz,2018,empty,9782100778287,chinese,1
99 % mío,Sally Thorne,2022,Harper Collins,9788418976391,italian,1
Ebersole and Hess' Gerontological Nursing & Healthy Aging,"Theris A. Touhy, Theris A. Touhy, DNP, CNS, DPNAP, Kathleen F Jett, PhD, GNP-BC, Kathleen F. Jett",2021,Elsevier,9780323698030,french,1
La Lanterne de Diogène,Arnaud Tripet,2022,empty,9782406138075,english,1
Le dilemme de l'innovateur,Clayton M. Christensen,2021,empty,9782361170431,chinese,1
Cosas que nunca dejamos atrás,Lucy Score,2022,Chic Editorial,9788417972912,English,1
La grande étrangère,Michel Foucault,2013,Editions de l'Ecole des Hautes Etudes en Sciences Sociales,9782713223860,English,1
L'identité Gagnante,Pierre David,2020,Independently Published,9798574362167,English,1
通向宇宙的三级阶梯,"[美]戴维·加芬克尔, [美]理查德·加芬克尔",2014,empty,9787030412539,English,1
El poder de la distracción,Alessandra Aloisi,2022,empty,9788413628578,English,1
A First Book of Jurisprudence for Students of the Common Law,Bart Sir Fredrick Pollock,2018,Franklin Classics,0342030817,English,1
Medical Services; Pathology,"William Grant MacPherson, William Boog Leishman, Stevenson Lyle Cummins",2018,Franklin Classics,9780342773756,English,1
Sweet Goodbye,Camilla Läckberg,2021,Ullstein Buchverlage,9783843725224,English,1
PREFIGURATIVE POLITICS,VAN DE SANDE MATHIJ,2020,empty,9781474451857,English,1
Allora Dio sarà tutto in tutti,Vittorio Croce,2019,empty,9788801065282,English,1
Spurgeon's Sermons,C. H. Spurgeon,2011,Hendrickson Publishers,1598568329,English,1
Essentials of Nursing Practice,Catherine Delves-Yates,2022,Sage Publications Limited,9781529732191,English,1
The Moose Paradox,Antti Tuomainen,2022,Rabbit Factor Trilogy,9781914585340,English,1
The Language of Love and Loss,Bart Yates,2023,National Geographic Books,9781496741240,English,1
Marvel's Original Sin Prose Novel,Gavin G. Smith,2022,"Titan Books (US, CA)",9781803361956,English,1
Jews and Power,Ruth R. Wisse,2020,National Geographic Books,9780805211740,English,1
Maybe Not,Colleen Hoover,2015,Simon and Schuster,1501125710,English,1
il magico potere del riordino in cucina,malte rubach,2022,empty,9788868208653,English,1
A Poison Like No Other,Matt Simon,2022,Island Press,9781642832358,English,1
The Clinical Practice of Neurological and Neurosurgical Nursing,Joanne V. Hickey,2019,LWW,9781975100674,English,1
"Writing for Social Scientists, Third Edition",Howard S. Becker,2020,empty,9780226643939,English,1
NO SOY JULIETA (EBOOK),Julieta Martinez,2022,ALFAGUARA INFANTIL JUVENIL,9789563843651,English,1
Dependency Parsing,"Sandra Kübler, Ryan McDonald, Joakim Nivre",2009,Morgan & Claypool Publishers,1598295969,English,1
"Dix-sept heures douze, place d'Italie",Nighoghossian,2022,empty,2739492629,English,1
Spare,Prince Harry,2023,empty,9780857504791,English,1
Geoffrey P. Ward's Guide to Villainy,M. A. Nichols,2017,empty,1547284501,English,1
S. CHAND'S SOCIAL SCIENCES FOR CLASS 8,N K CHOWDHRY,2022,S. Chand Publishing,9789352831074,English,1
A Poison Like No Other,Matt Simon,2023,Island Press,1642832359,English,1
A Splash of Soy,Lara Lee,2023,Bloomsbury Publishing,1639730435,English,1
A Table Filled With Love,Skye McAlpine,2022,Bloomsbury Publishing,1639730494,English,1
The Last Firefox,Lee Newbery,2023,Puffin,0241493536,English,1
Get Baked,Rich Myers,2023,White Lion Publishing,0711279713,English,1
Sweet Enough: A Baking Book,Alison Roman,2015,Clarkson Potter,1984826395,English,1
中日再戰緬甸實錄,中華民國駐印軍新編第一軍新編三十八師,2010,empty,9789571516837,English,1
Differential Calculus,"Kantish Chandra Maity, Maity & Ghosh",2012,New Central Book Agency,817381175x,English,1
Intergral Calculus,"Kantish Chandra Maity, Ramkrishna Ghosh",1998,empty,9788173817328,English,1
Calculus and Analytic Geometry,"Thomas George B, Ross L. Finney",2021,empty,818501552X,English,1
"Kiss Now, Lie Later",C. W. Farnsworth,2021,empty,9798517966292,English,1
Public Finance and Public Policy,Jonathan Gruber,1969,empty,1319281109,English,1
The Nineteenth-Century Constitution 1815-1914,H. J. Hanham,2020,Cambridge University Press,0521095603,English,1
Public Service and Good Governance for the Twenty-First Century,James L. Perry,2019,University of Pennsylvania Press,0812252047,English,1
Kuantum Beslenme,Aysegül Coruhlu,2011,empty,9786050958973,English,1
La distanza amorosa,Rosamaria Salvatore,2023,empty,887462400X,English,1
About Time,Jodi Taylor,2016,Time Police,9781472286918,English,1
Keep It Inside,Mark Anthony Smith,2020,Independently Published,9798650817802,english,1
Derelict,Tracy Grogan,2022,empty,9798985014020,chinese,1
变化的中东部落与国家,乌兹·拉比,2020,empty,9787520169240,french,1
Terror in Transition,"Tricia Bacon, Elizabeth Grimm",2022,Columbia Studies in Terrorism and Irregular Warfare,0231192258,italian,1
Oxford Girls: Michaelmas Alex,P. D. Kuch,2021,Kuch & Kuch,8396323402,chinese,1
Just for Today,Nell Hudson,2022,Tinder Press,1472283988,english,1
FLOTSAM,Tracy Grogan,2021,empty,9798985014006,japanese,1
Space,Keith Hale,2020,Independently Published,9798657316360,italian,1
Ripples in the Flow,,2019,Singing Dragon,0857013912,french,1
The Boy Who Fell to Shore,Charles J. Doane,2022,empty,9781957607061,french,1
"Aurore Callahan, Tome 2 : Autant en emportent les âmes",Nyx Ambroise,2022,empty,9791038114678,English,1
The Climate Book,Greta Thunberg,2023,Penguin,9780593492307,English,1
Riding So High,Joe Goodden,2017,Joe Goodden,9781999803315,English,1
Risveglia il potere dell'energia femminile. Gli archetipi delle dee come modello di trasformazione profonda,Romina Corbara,2019,empty,8831355112,English,1
MIGLIORARE SÉ STESSI | 7 LIBRI IN 1 |: Il Manuale Definitivo Per La Tua Crescita Personale: Diventa Chi Vuoi Essere e Raggiungi Il successo Che Meriti.,James path,2022,empty,9798357111265,English,1
Hurricane Ryan,Katya Summers,2022,Independently Published,9798807840912,English,1
Cross Over,James Patterson,2022,Century,9781529125276,English,1
A Very Young Dancer,Jill Krementz,1976,Random House Childrens Books,0394408853,English,1
Un corso in miracoli,Foundation for Inner Peace,2022,empty,8828537647,English,1
考研英语冲刺题源最新外刊阅读基础60篇,夏徛荣,2020,empty,9787040538748,English,1
Les Rothschild,"Michel Pinçon, Monique Pinçon-Charlot",1998,Dispute,9782843030055,English,1
More Than One Child,Shen Yang,2021,empty,1913891097,English,1
Non-Surgical Rhinoplasty,"Dario Bertossi, Riccardo Nocini, Ali Pirayesh",2023,CRC Press,9781032303444,English,1
The Handbook for Nursing Associates and Assistant Practitioners,"Gillian Rowe, Scott Ellis, Deborah Gee, Kevin Graham, Michelle Henderson, Janette Barnes, Chris Counihan, Ami Jackson, Jade Carter-Bennett",2022,Sage Publications Limited,9781529789829,English,1
The Nurse's Essential Bundle,"Sara Lister, Justine Hofland, Hayley Grafton, Catherine Wilson, Ian Peate, Aby Mitchell, Suzanne Evans",2022,Wiley-Blackwell,9781119984078,English,1
From Villain to Hero,Michael Clark,2019,empty,9781079994292,English,1
Fundamentals of Applied Pathophysiology,Ian Peate,2021,John Wiley & Sons,9781119699491,English,1
Coaching 4-3-3 Tactics - 154 Tactical Solutions and Practices,Massimo Lucchesi,2019,Soccertutor.com Limited,9781910491263,English,1
Argumentation in Everyday Life,Jeffrey P. Mehltretter Drury,2019,"SAGE Publications, Incorporated",9781506383590,English,1
Coaching Positional Play - ''Expansive Football'' Attacking Tactics & Practices,Pasquale Casa Basile,2015,empty,9781910491065,English,1
Ideaflow,"Jeremy Utley, Perry Klebahn",2022,National Geographic Books,9780593420584,English,1
"The 'Russian' Civil Wars, 1916-1926",Jonathan Smele,2016,Oxford University Press,9780190613495,English,1
日本經營之聖稻盛和夫寫給年輕人的88個忠告,沈浩卿 (心理學),2011,empty,9789868741669,English,1
"Treine Menos, Corra Mais","RAY MOSS, MURR SCOTT",1990,Editora Gente Liv e Edit Ltd,9788573126570,English,1
The Elements of Sufism,Fadhlalla Haeri,2022,empty,0760710775,English,1
Understanding Knowledge,Michael Huemer,2022,empty,9798840475669,English,1
Yutaka Nakamura Animation Key Frame Book vol.2,Yutaka Nakamura,2019,empty,9784902948400,English,1
"Assalam-O-Alaikum, Pakistan",Leah Kaminski,2022,Countries of the World (Gareth,9781534150966,English,1
Il grande libro di Satana,"Edoardo Rosati, Danilo Arona",2018,empty,9788891835819,English,1
Life Pre-Beginner,"CENGAGE Learning, Cengage Heinle",2020,National Geographic Learning,9781337285421,English,1
Manuel très illustré d'allaitement,Caroline Guillot,2006,empty,2956294733,English,1
La notte dei lupi,Tom Egeland,2019,empty,8845257002,English,1
1日で描くリアル油絵の基本,大谷尚哉,2001,empty,9784798619910,English,1
Phénoménale Afrique du Sud,Patrick de Wilde,2022,empty,2912621062,English,1
"100 pépites pour découvrir la France en une heure, une journée ou un week-end",Les Pépites De France,1987,empty,2324030802,English,1
"Sex, Family, and the Woman in Society",Torkom Saraydarian,1990,Saraydarian Inst,9780911794540,English,1
The Ageless Wisdom,Torkom Saraydarian,2022,Tsg Foundation,0929874137,English,1
BLラブシーン作画テクニック筋肉もわかる四十八手ポーズ集(仮),ポストメディア編集部・編,2022,empty,9784758017770,English,1
13 novembre 2015 : le procès,"Prost Emmanuel, Springer Benoît, Caster Sylvie, Rouge Corentin",2021,empty,2357661933,English,1
"The Overthinking Cure: How to Stay in the Present, Shake Negativity, and Stop Your Stress and Anxiety",Nick Trenton,2001,empty,9798498940847,English,1
Managing Human Resources,"Susan Jackson, Randall Schuler, Steve Werner",2011,Cengage Learning,1111580227,chinese,1
She ji + zhi zuo + yin shua + shang ye mo ban Photoshop+Illustrator shi li jiao cheng,李杰,2015,empty,9787115377418,french,1
Always a Next One,John L. Leonard,2012,Createspace Independent Pub,9781478205265,japanese,1
Dossier V13,"Ahmed-Chaouch Azzeddine, Pasquier Valentin",2022,empty,2259311938,italian,1
Kinship and Marriage in Burma,Melford E. Spiro,1977,Berkeley : University of California Press,9780520032200,japanese,1
尼采如是說,尼采,2022,讀書共和國╱野人,9789863847076,portuguese,1
セクシャルヌード・ポーズBOOK,Futami Shobo,2017,empty,4576171828,french,1
Il mito della bellezza,Naomi Wolf,2022,empty,9788831498791,turkish,1
Destination Petaouchnok,"Raphaël de Casabianca, Antoine Delaplace",2021,Hachette Tourisme,2013959060,italian,1
動物的存在與虛無，以及牠們如何溝通的科學藝術,伊娃．邁爾,2019,讀書共和國╱野人,9789863843856,chinese,1
マンガ家と作るBLポーズ集 1 スーツ篇,Yuki Shimizu,2009,empty,4403650406,dutch,1
Find Your Voice: a Guided Journal for Writing Your Truth with Angie Thomas,Angie Thomas,2020,Balzer & Bray,0062983938,chinese,1
瞬間連写アクションポーズ,ユーデンフレームワークス,2007,empty,4766117867,chinese,1
瞬間連写アクションポーズ 02 殺陣・ソードアクション篇,ユーデンフレームワークス,2011,empty,476612233X,English,1
Don't Look Down,Brandon Terrell,2019,Phobia,1474771742,English,1
Human Psychology 101,Alan G. Fields,2016,Createspace Independent Publishing Platform,9781537220451,English,1
Dark Psychology and Manipulation,William Cooper,2020,empty,9798555483072,English,1
Julius Caesar,William Shakespeare,2004,Simon & Schuster,0743482743,English,1
"Ephemera: Forever, Always and Now",Janine Vangool,2019,empty,1927987075,English,1
Patronnes Tête-à-tête avec les numéros unes. ,Élodie andriot,2022,empty,2226474366,English,1
Canzoniere,Francesco Petrarca,2018,Nuovi oscar classici,9788804686408,English,1
Historical Archaeology of India,Madhukar Keshav Dhavalikar,1999,empty,8185016550,English,2
Dr. No,Percival Everett,2022,Graywolf Press,9781644451915,English,2
Storia di Ordine Nuovo,"Aldo Giannuli, Elia Rosati",2017,Passato prossimo,9788857538433,English,2
volatile,Avylinn Winter,2019,empty,9789151912523,English,1
Heart Magick,Harmony Nice,2022,Random House,1473582938,English,1
Marmee,Sarah Miller,2022,William Morrow,9780063041875,English,1
"Trading in the zone. Domina il mercato con sicurezza, disciplina e una mentalità vincente",Mark Douglas,2021,empty,9788896481882,English,1
BIBBIA del MASCHIO ALFA,Sean Wayne,2022,Alpha Male,9781739622930,English,1
Bana Abi Deme,Aeut12,2022,empty,3435678982,English,1
走出死荫幽谷,韦尔契,2019,empty,9787542654731,English,1
The Secret Book of Old School Training,"Oreste Maria Petrillo, Francesco Schipani, Giuseppe Di Somma",2014,CreateSpace,1499659857,English,1
The warrior diet-La dieta del guerriero,"Ori Hofmekler, Diana Holtzberg",2005,empty,8887197857,English,1
坐着出租车漫游宇宙,[英]查尔斯·科克尔,2022,empty,9787521747171,English,1
Nova Scotia,"Neil Williamson, Andrew J. Wilson",2005,Mercat Press Books,1841830860,English,1
制砚 · 制墨,方晓阳,2015,empty,9787534773570,English,1
Cinq heures de train,Lorel,2020,empty,2379791236,English,1
The Transforming Friendship,"James M. Houston (, James M. Houston (.",2015,Zdl Books,9787542651105,English,1
火星时间穿越,迪克,2021,empty,9787572700897,English,1
Delete That,John Crist,2022,National Geographic Books,9780593445211,English,1
51 Woorden Voor Sneeuw,Nancy Campbell,2022,empty,9789056159412,English,1
"유럽 최후의 대국, 우크라이나의 역사(큰글자책)",구로카와유지,2021,empty,9791169090278,English,1
神圣入侵,迪克,2022,empty,9787572701474,English,1
Masters of Make-Up Effects,"Howard Berger, Marshall Julius",2022,Welbeck Publishing,9781802790016,English,1
知识产权审判逻辑与案例,管育鹰,2022,empty,9787519759469,English,1
I Have Asked to Be Where No Storms Come,Gwendolyn Nix,2018,empty,9781957133089,English,1
十架君王,提摩太·凯勒,2020,empty,9787542657893,English,1
未来救赎,彼得·F.汉密尔顿,2022,empty,9787572606625,English,1
Holky na WhatsAppu,Bärbel Körzdörfer,2022,empty,9788076331983,English,1
封闭的共同轨道,钱伯斯,2007,empty,9787555028802,English,1
Kitchen,Banana Yoshimoto,2021,empty,9789493248441,dutch,1
前往愤怒小行星的漫漫旅程,钱伯斯,2014,empty,9787555027706,chinese,1
反不正当竞争法律制度与实务技能,林文,2020,empty,9787511858672,chinese,1
最高人民法院知识产权要案典丛,最高人民法院知识产权审判庭,2019,empty,9787521609646,chinese,1
"My Hero Academia, Vol. 21",Kohei Horikoshi,2014,VIZ Media LLC,9781974714094,chinese,1
清晨,金南俊,2014,empty,9787552702859,chinese,1
懒惰,金南俊,2012,empty,9787552702866,chinese,1
Quiromancia Total,Francisco Rodriguez,2022,Obelisco,9788497777704,chinese,1
A Private Spy,John Le Carre,2005,National Geographic Books,9780593490679,chinese,1
韩国语基础语法,崔羲秀,2022,empty,9787538912432,chinese,1
George Yeo: Musings - Series One,"George Yong-Boon Yeo, Tai Ho Woon",2022,World Scientific Publishing Company,9789811259692,french,1
La chica que escapó de Auschwitz,Ellie Midwood,2022,Roca Editorial,9788419283405,dutch,1
The Hollows,Daniel Church,2022,Watkins Media Limited,9781915202383,English,1
未来城市与花哨西装,帕金,2021,empty,9787569941036,English,1
搜妖记,白龙,1999,empty,9787559462671,English,1
L'Empire romain en mutation,"Jean-Michel Carrié, Aline Rousselle",2022,Seuil,2020258196,English,1
A Death in Tokyo,Keigo Higashino,2021,Minotaur Books,9781250767509,English,1
奇境中的恶意,夏目漱石 / 兰郁二郎 / [日] 梦野久作 / 丰岛与志雄,2016,empty,9787531754794,English,1
サイレンス,ドン・デリーロ,2022,empty,9784801005501,English,1
必有恶人来,布拉德伯里,2020,empty,9787536483668,English,1
串线,Connie Willis,1990,Bei Jing Shi Dai Hua Wen Shu Ju,9787569944952,English,1
蛇夫座热线,[美] 约翰·瓦利,2008,empty,9787513342155,English,1
Graphisme japonais,SendPoints,2014,empty,2889357678,English,1
Other Worlds,Torkom Saraydarian,2008,Tsg Foundation,0929874056,English,1
Energy Medicine,Donna Eden,2007,Piatkus Books,9780749929664,English,2
Post-Photography,Robert Shore,1994,Laurence King Publishing,9781780672281,English,2
Energy Medicine,Donna Eden,2022,Piatkus Books,0749929669,English,2
新闻评论学,杨新敏,2021,empty,9787810907385,English,1
制造弗兰肯斯坦: 玛丽·雪莱背后的科学,[英] 凯瑟琳·哈卡普,2016,empty,9787559848994,English,1
Galatians,Timothy George,2022,Holman Reference,080540130X,English,1
零号仿生人,[美] 尼克·凯尔曼著 / [巴西] 伯利克利·朱尼尔 / [美] 里克·得卢克,2022,empty,9787573501967,English,1
The Mongol Storm,Nicholas Morton,2022,empty,1541616308,English,1
哥德尔传: 探寻理性的边缘，发现世界的本质,[美] 斯蒂芬· 布迪安斯基,2022,empty,9787521745054,English,1
Learn to Retire Happy,Martha Moore,2022,Independently Published,9798489582490,English,1
The Law and Practice of the United Nations,"Benedetto Conforti, Carlo Focarelli",2013,Brill - Nijhoff,9789004318526,English,1
The Art of the Tale,"Steven James, Tom Morrisey",1995,empty,9781400233113,English,1
The World Bank's Lawyers,Dimitri van den Meerssche,2022,Oxford University Press,0192846493,English,1
人鱼: 奇幻生物的人类想象史,[美] 沃恩·斯科莱布诺,2020,empty,9787500879336,English,1
Soft Lad,Nick Grimshaw,2022,empty,1399703307,English,1
L'intégrale du discours: comment faire en sorte qu'ils leur téléphone et se sortent les doigts ,ERIC BAH,2018,empty,9782382530993,English,1
Project Management in Technical Services,"Elizabeth German, John Ballestro",2022,empty,9780838949917,English,1
Het schaarse licht,Nino Haratischwili,2021,empty,9789493169838,English,1
Verhaltenstraining im Kindergarten,"Ute Koglin, Franz Petermann",2020,Hogrefe Verlag,9783840924859,English,1
Strategies for Interpreting Qualitative Data,Martha S. Feldman,2006,SAGE,9780803959163,English,1
"Africa-China-Taiwan Relations, 1949-2020",Sabella Ogbobode Abidde,2019,"African Governance, Development, and Leadership",9781793649669,English,1
Ontsnapping,Linwood Barclay,2015,empty,9789000366989,English,1
How to Tell a Story,"The Moth, Meg Bowles, Catherine Burns, Jenifer Hixson, Sarah Austin Jenness, Kate Tellers",2014,National Geographic Books,9780593139004,English,1
LUCA - Her Ruthless Don,Theodora Taylor,2004,Independently Published,1983296449,English,1
The Storytelling Workbook,Anthony Tasgal,2019,Lid Publishing,9781912555970,English,1
The Science of Storytelling,Will Storr,2014,Abrams Press,9781419747953,English,1
Confronting Christianity,Rebecca McLaughlin,2019,Crossway Books,1433564238,english,1
The Song of the Partisans: A Powerful and Unforgettable Novel of Resistance ,Kathryn Gauci,2003,empty,9780648714446,english,1
Mozi,Di Mo,2019,Columbia University Press,9780231130011,chinese,1
Philippine Social Realists,Amadis María Guerrero,2001,empty,9786218058057,english,1
"Protest/revolutionary Art in the Philippines, 1970-1990",Alice Guillermo,2019,University of Philippines Press,9715421679,english,1
Story 10x,Michael Margolis,2022,Page Two,1989025587,english,1
イスラーム精肉店,ソン・ホンギュ(孫洪奎),2021,empty,9784787721235,english,1
私たちはみんなテスラの子供後編,ゴラン・スクローボニャ,2022,empty,9784344933804,chinese,1
極めて私的な超能力,チャンガンミョン,2021,empty,9784153350571,English,1
我らが願いは戦争,チャン・ガンミョン,2021,empty,9784787721228,English,1
The Nightmare Kingdom,Rob Bauer,2022,empty,9781948478229,English,1
You Don't Know What War Is,Yeva Skalietska,2019,Union Square Press,1454949694,English,1
Urgences 2019,Christophe Prudhomme,2021,empty,2224035683,English,1
Caravan Parks 6,"Michelle and Heatley Gilmore, 6th",1995,empty,9780994532749,English,1
Words Under the Words,Naomi Shihab Nye,2017,empty,0933377290,English,1
In the Company of Seahorses,"Steve Trewhella, Julie Hatcher",2014,Princeton University Press,0995567328,English,1
"열광금지, 에바로드",장강명,2022,empty,9788974331146,English,1
서왕모의 강림(알마 인코그니타)(양장본 HardCover),크러스너호르커이라슬로,2022,empty,9791159923630,English,1
신비주의 기독교,윌리엄워커앳킨슨,2021,empty,9791191653069,English,1
KnotMonsters,Michael Cao,2022,empty,9798718512175,English,1
E il Rosso intonò una canzone,Francesco Marchi,2022,empty,9788832814903,English,1
Resurrection Hope and the Death of Death,Mitchell L. Chase,2022,Short Studies in Biblical Theology,9781433580406,English,1
The Sabbath as Rest and Hope for the People of God,Guy Prentiss Waters,2022,Short Studies in Biblical Theo,9781433573545,English,1
Straight Up,Ruby Tui,2021,Allen & Unwin,9781761185410,English,1
Governance by Stealth,Subrata K. Mitra,1985,"Oxford University Press, USA",9780199460489,English,1
The Manual,Al Stewart,2022,empty,9781925424713,English,1
應用文槪說,陳耀南,1986,empty,9789629230111,English,1
The Rebel and the Kingdom,Bradley Hope,1992,National Geographic Books,9780593240656,English,1
最新增訂本應用文槪說,"陈耀南, 陳耀南{OCLCbr#2e}",2022,empty,9789622730410,English,1
"Hush, hush",E. M. Moore,2010,empty,9798778496767,English,1
高分子流变学,郑强,2006,empty,9787030670397,English,1
哈兹里特散文选,"哈兹里特, 拜伦, 黑兹利特, William Hazlitt, 昕若·王 (翻译)",2014,empty,9787530610602,English,1
Android Studio Dolphin Essentials - Java Edition: Developing Android Apps Using Android Studio 2021.3.1 and Java,Neil Smyth,1986,empty,1951442555,English,1
Android Studio Dolphin Essentials - Kotlin Edition: Developing Android Apps Using Android Studio 2021.3.1 and Kotlin,Neil Smyth,1989,empty,9781951442538,English,1
Why Is This a Question?,Paul Anthony Jones,1987,empty,9781783966646,English,1
キマイラの柩,山本タカト,1985,empty,9784309908885,English,1
殉教者のためのディヴェルティメント,山本タカト,2022,empty,9784309906775,English,1
Android Studio Dolphin Essentials - Java Edition: Developing Android Apps Using Android Studio 2021.3.1 and Java,Neil Smyth,1997,empty,9781951442552,English,1
Desert Bleeds Red,Jason S. Hornsby,2019,Permuted Press+ORM,9781618682710,English,1
Android Studio Dolphin Essentials - Kotlin Edition: Developing Android Apps Using Android Studio 2021.3.1 and Kotlin,Neil Smyth,2014,empty,1951442539,English,1
Gold & Ghosts,David W. De Havelland,2015,empty,0859050998,English,1
Gold and Ghosts,David W. De Havelland,2019,empty,0859051323,English,1
Gold & Ghosts,David W. De Havelland,2008,empty,0859051145,English,1
Gold and Ghosts,David W. De Havelland,2010,empty,9780859050777,English,1
Material Material Contradictions in Mao's China,"Associate Professor in Chinese History and Jessica Rawson Fellow in Modern Asian History Jennifer Altehenger, Jennifer Altehenger, Assitant Professor of History Denise Y Ho, Denise Y. Ho",2021,empty,9780295750859,English,1
Situational Crime Prevention,R. V. G. Clarke,2022,Harrow & Heston,0911577394,English,1
A Christmas Carol AQA English Literature,Cindy Torn,2011,empty,9781407182650,English,1
SAP汽车零部件供应商行业解决方案,彭俊松,2006,empty,9787302376705,English,1
A Christmas Carol: York Notes for GCSE,"Lucy English, John Scicluna",2002,empty,1447982126,English,1
田家英與小莽蒼蒼齋,"陳烈, 曾自",2012,empty,9789888572908,English,1
A Christmas Carol: AQA GCSE 9-1 English Literature Text Guide,Collins GCSE,2022,Collins GCSE Grade 9-1 SNAP Revision,0008551545,english,1
A Christmas Carol,Charles Dickens,2019,empty,1707446601,english,1
俄勒冈小道,帕克曼,1993,empty,9787532715015,chinese,1
Drawn Together,Olivia de Recat,2022,Voracious,0316703680,chinese,1
相对论量子化学基础,"曹晓燕, 方维海, 多尔格",2013,empty,9787030379597,spanish,1
Family Constellations,Damian Janus,2022,empty,1793627428,english,1
Home/Land,Rebecca Mead,2022,National Geographic Books,0525658718,english,1
I Exaggerate,Kevin Nealon,2022,Abrams,9781647006754,English,1
Concepts of genetics ,"William King, Michael Cummings, Charlotte Spencer, Michael Palladino",2019,empty,9789353940409,English,1
量子化学中的计算方法,陈飞武,2008,empty,9787030219794,English,1
If You Think You Can!: Thirteen Laws that Govern the Performance of High Achievers,TJ Hoisington,2021,empty,9789389305609,English,1
Between Moons,Claire Anders,1975,empty,1838177744,English,1
My Song for Him Who Never Sang to Me,Merrit Malloy,2000,Crown Pub,9780517537633,English,1
Stewards in the Kingdom,R. Scott Rodin,2022,InterVarsity Press,9780830815760,English,1
In the Wars,Waheed Arian,2021,National Geographic Books,9780552177641,English,1
智能车辆理论与应用,熊光明,2022,empty,9787576304671,English,1
"Good Medicine, Hard Times","Edward P Horvath, MD",2022,Trillium,9780814258255,English,1
The Laws of Creativity,"Joey Cofone, Baronfig Inc.",2022,empty,1943623384,English,1
Living on Purpose: Five Deliberate Choices to Realize Fulfillment and Joy,Amy Eliza Wong,1979,Braintrust Ink,1956072020,English,1
what does this company do,Drago Dimitrov,2019,empty,9798987156209,English,1
Rite et efficacité symbolique,François André Isambert,2023,empty,9782204013956,English,1
The Influence of Hellenic Philosophy on the Contemporary World,"John G. Dellis, Stephanos A. Paipetis",2021,Cambridge Scholars Publishing,1527530736,English,1
Home Away from Home,Cynthia Lord,2019,Scholastic Press,9781338726114,English,1
"Wireless Algorithms, Systems, and Applications","Zhe Liu, Fan Wu, Sajal K. Das",2010,Springer Nature,9783030861308,English,1
When They Made Us Leave,ANNETTE. OPPENLANDER,2014,empty,9783948100094,English,1
Beauty Killers,Kathy Braidhill,2007,St. Martin's True Crime,0312949545,English,1
哈布斯堡的滅亡,Geoffrey Wawro,2022,empty,9789865727147,English,1
說文部首形義新証,董莲池,2019,empty,9787506338602,English,1
"Verse, Chorus, Monster!",Graham Coxon,2011,Faber & Faber,9780571374328,English,1
一個民族的精神史,許紀霖,2019,三聯書店(香港)有限公司,9789620444692,English,1
思方導航,貝剛毅,2017,empty,9789881961907,English,1
愤怒的葡萄,斯坦贝克,2008,empty,9787020147311,English,1
History That Changed the World,Jelle C. Peters,2017,empty,9082506351,English,1
泰利的街角,Elliot Liebow,2004,empty,9789866525056,English,1
一個德國人的故事,賽巴斯提安．哈夫納,2022,empty,9789865727567,English,1
CARNIVAL,S.M.L,2012,empty,9784860321284,English,1
Esto no se dice,Alejandro Palomas,2004,empty,9788423362097,English,1
Ghost in a Red Hat,Rosanna Warren,2015,National Geographic Books,9780393343700,English,1
The Mediterranean and Middle East: The early successes against Italy (to May 1941),"Ian Stanley Ord Playfair, G. M. S. Stitt, G. J. C. Molony",2014,empty,9781845740658,English,1
Ghost Signs,Sonya Taaffe,2019,empty,1619760711,English,1
Patisserie of Dreams,"Philippe Conticini, Thierry Teyssier",2015,Grub Street Cookery,9781909808171,English,1
Belgian Chocolate,"Pierre Marcolini, Michel Verlinden, Alexandre Bibaut",2019,Lannoo Publishers,9782390250722,English,1
Pierre Hermé Macarons,Pierre Hermé,2001,Harry N. Abrams,1617691712,English,1
Borderland,Pamela Beason,2022,Sam Westin Mysteries,0998314943,English,1
Writers on Writing,The New York Times,2022,Times Books,9780805067415,English,1
"Dynamo for Autodesk® Revit®: Design, automate and exploit data",Ahmed Halim,2022,empty,9798358345195,English,1
Complete Aromatherapy for Beginners,"Jane Smith, Rockridge Press",2016,Rockridge Press,9781685394936,English,1
Warriors: a Starless Clan #2: Sky,Erin Hunter,2022,HarperCollins,0063050150,English,1
李銳期颐集,李銳,2020,empty,9789888257225,English,1
Skincare Ingredient Dictionary: Your A to Z guide to good Skincare Ingredients,Kayes Beauty Book,2003,empty,9788427801158,English,1
